{"v":"4.7.0","fr":60,"ip":0,"op":360,"w":300,"h":100,"nm":"合成 2","ddd":0,"assets":[{"id":"comp_0","layers":[{"ddd":0,"ind":1,"ty":4,"nm":"形状图层 6","ks":{"o":{"a":1,"k":[{"i":{"x":[0.833],"y":[0.833]},"o":{"x":[0.167],"y":[0.167]},"n":["0p833_0p833_0p167_0p167"],"t":270,"s":[0],"e":[30]},{"t":285}]},"r":{"a":0,"k":0},"p":{"a":0,"k":[300,100,0]},"a":{"a":0,"k":[0,0,0]},"s":{"a":0,"k":[100,100,100]}},"ao":0,"shapes":[{"ty":"rc","d":1,"s":{"a":1,"k":[{"i":{"x":[0.667,0.667],"y":[1,1]},"o":{"x":[0.333,0.333],"y":[0,0]},"n":["0p667_1_0p333_0","0p667_1_0p333_0"],"t":270,"s":[510,124],"e":[560,174]},{"t":330}]},"p":{"a":0,"k":[0,0]},"r":{"a":0,"k":150},"nm":"矩形路径 1","mn":"ADBE Vector Shape - Rect"},{"ty":"st","c":{"a":0,"k":[1,0.7001559,0.3272212,1]},"o":{"a":0,"k":100},"w":{"a":1,"k":[{"i":{"x":[0.833],"y":[0.833]},"o":{"x":[0.167],"y":[0.167]},"n":["0p833_0p833_0p167_0p167"],"t":270,"s":[4],"e":[0]},{"t":330}]},"lc":1,"lj":1,"ml":4,"nm":"描边 1","mn":"ADBE Vector Graphic - Stroke"}],"ip":270,"op":628,"st":270,"bm":0,"sr":1},{"ddd":0,"ind":2,"ty":4,"nm":"形状图层 5","ks":{"o":{"a":1,"k":[{"i":{"x":[0.833],"y":[0.833]},"o":{"x":[0.167],"y":[0.167]},"n":["0p833_0p833_0p167_0p167"],"t":240,"s":[0],"e":[30]},{"t":255}]},"r":{"a":0,"k":0},"p":{"a":0,"k":[300,100,0]},"a":{"a":0,"k":[0,0,0]},"s":{"a":0,"k":[100,100,100]}},"ao":0,"shapes":[{"ty":"rc","d":1,"s":{"a":1,"k":[{"i":{"x":[0.667,0.667],"y":[1,1]},"o":{"x":[0.333,0.333],"y":[0,0]},"n":["0p667_1_0p333_0","0p667_1_0p333_0"],"t":240,"s":[510,124],"e":[560,174]},{"t":300}]},"p":{"a":0,"k":[0,0]},"r":{"a":0,"k":150},"nm":"矩形路径 1","mn":"ADBE Vector Shape - Rect"},{"ty":"st","c":{"a":0,"k":[1,0.7001559,0.3272212,1]},"o":{"a":0,"k":100},"w":{"a":1,"k":[{"i":{"x":[0.833],"y":[0.833]},"o":{"x":[0.167],"y":[0.167]},"n":["0p833_0p833_0p167_0p167"],"t":240,"s":[4],"e":[0]},{"t":300}]},"lc":1,"lj":1,"ml":4,"nm":"描边 1","mn":"ADBE Vector Graphic - Stroke"}],"ip":240,"op":628,"st":240,"bm":0,"sr":1},{"ddd":0,"ind":3,"ty":4,"nm":"形状图层 4","ks":{"o":{"a":1,"k":[{"i":{"x":[0.833],"y":[0.833]},"o":{"x":[0.167],"y":[0.167]},"n":["0p833_0p833_0p167_0p167"],"t":150,"s":[0],"e":[60]},{"t":165}]},"r":{"a":0,"k":0},"p":{"a":0,"k":[300,100,0]},"a":{"a":0,"k":[0,0,0]},"s":{"a":0,"k":[100,100,100]}},"ao":0,"shapes":[{"ty":"rc","d":1,"s":{"a":1,"k":[{"i":{"x":[0.667,0.667],"y":[1,1]},"o":{"x":[0.333,0.333],"y":[0,0]},"n":["0p667_1_0p333_0","0p667_1_0p333_0"],"t":150,"s":[510,124],"e":[560,174]},{"t":210}]},"p":{"a":0,"k":[0,0]},"r":{"a":0,"k":150},"nm":"矩形路径 1","mn":"ADBE Vector Shape - Rect"},{"ty":"st","c":{"a":0,"k":[1,0.7001559,0.3272212,1]},"o":{"a":0,"k":100},"w":{"a":1,"k":[{"i":{"x":[0.833],"y":[0.833]},"o":{"x":[0.167],"y":[0.167]},"n":["0p833_0p833_0p167_0p167"],"t":150,"s":[4],"e":[0]},{"t":210}]},"lc":1,"lj":1,"ml":4,"nm":"描边 1","mn":"ADBE Vector Graphic - Stroke"}],"ip":150,"op":508,"st":150,"bm":0,"sr":1},{"ddd":0,"ind":4,"ty":4,"nm":"形状图层 3","ks":{"o":{"a":1,"k":[{"i":{"x":[0.833],"y":[0.833]},"o":{"x":[0.167],"y":[0.167]},"n":["0p833_0p833_0p167_0p167"],"t":120,"s":[0],"e":[60]},{"t":135}]},"r":{"a":0,"k":0},"p":{"a":0,"k":[300,100,0]},"a":{"a":0,"k":[0,0,0]},"s":{"a":0,"k":[100,100,100]}},"ao":0,"shapes":[{"ty":"rc","d":1,"s":{"a":1,"k":[{"i":{"x":[0.667,0.667],"y":[1,1]},"o":{"x":[0.333,0.333],"y":[0,0]},"n":["0p667_1_0p333_0","0p667_1_0p333_0"],"t":120,"s":[510,124],"e":[560,174]},{"t":180}]},"p":{"a":0,"k":[0,0]},"r":{"a":0,"k":150},"nm":"矩形路径 1","mn":"ADBE Vector Shape - Rect"},{"ty":"st","c":{"a":0,"k":[1,0.7001559,0.3272212,1]},"o":{"a":0,"k":100},"w":{"a":1,"k":[{"i":{"x":[0.833],"y":[0.833]},"o":{"x":[0.167],"y":[0.167]},"n":["0p833_0p833_0p167_0p167"],"t":120,"s":[4],"e":[0]},{"t":180}]},"lc":1,"lj":1,"ml":4,"nm":"描边 1","mn":"ADBE Vector Graphic - Stroke"}],"ip":120,"op":508,"st":120,"bm":0,"sr":1},{"ddd":0,"ind":5,"ty":4,"nm":"形状图层 2","ks":{"o":{"a":1,"k":[{"i":{"x":[0.833],"y":[0.833]},"o":{"x":[0.167],"y":[0.167]},"n":["0p833_0p833_0p167_0p167"],"t":30,"s":[0],"e":[80]},{"t":45}]},"r":{"a":0,"k":0},"p":{"a":0,"k":[300,100,0]},"a":{"a":0,"k":[0,0,0]},"s":{"a":0,"k":[100,100,100]}},"ao":0,"shapes":[{"ty":"rc","d":1,"s":{"a":1,"k":[{"i":{"x":[0.667,0.667],"y":[1,1]},"o":{"x":[0.333,0.333],"y":[0,0]},"n":["0p667_1_0p333_0","0p667_1_0p333_0"],"t":30,"s":[510,124],"e":[560,174]},{"t":90}]},"p":{"a":0,"k":[0,0]},"r":{"a":0,"k":150},"nm":"矩形路径 1","mn":"ADBE Vector Shape - Rect"},{"ty":"st","c":{"a":0,"k":[1,0.7001559,0.3272212,1]},"o":{"a":0,"k":100},"w":{"a":1,"k":[{"i":{"x":[0.833],"y":[0.833]},"o":{"x":[0.167],"y":[0.167]},"n":["0p833_0p833_0p167_0p167"],"t":30,"s":[4],"e":[0]},{"t":90}]},"lc":1,"lj":1,"ml":4,"nm":"描边 1","mn":"ADBE Vector Graphic - Stroke"}],"ip":30,"op":508,"st":30,"bm":0,"sr":1},{"ddd":0,"ind":6,"ty":4,"nm":"形状图层 1","ks":{"o":{"a":1,"k":[{"i":{"x":[0.833],"y":[0.833]},"o":{"x":[0.167],"y":[0.167]},"n":["0p833_0p833_0p167_0p167"],"t":0,"s":[0],"e":[80]},{"t":15}]},"r":{"a":0,"k":0},"p":{"a":0,"k":[300,100,0]},"a":{"a":0,"k":[0,0,0]},"s":{"a":0,"k":[100,100,100]}},"ao":0,"shapes":[{"ty":"rc","d":1,"s":{"a":1,"k":[{"i":{"x":[0.667,0.667],"y":[1,1]},"o":{"x":[0.333,0.333],"y":[0,0]},"n":["0p667_1_0p333_0","0p667_1_0p333_0"],"t":0,"s":[510,124],"e":[560,174]},{"t":60}]},"p":{"a":0,"k":[0,0]},"r":{"a":0,"k":150},"nm":"矩形路径 1","mn":"ADBE Vector Shape - Rect"},{"ty":"st","c":{"a":0,"k":[1,0.7001559,0.3272212,1]},"o":{"a":0,"k":100},"w":{"a":1,"k":[{"i":{"x":[0.833],"y":[0.833]},"o":{"x":[0.167],"y":[0.167]},"n":["0p833_0p833_0p167_0p167"],"t":0,"s":[4],"e":[0]},{"t":60}]},"lc":1,"lj":1,"ml":4,"nm":"描边 1","mn":"ADBE Vector Graphic - Stroke"}],"ip":0,"op":508,"st":0,"bm":0,"sr":1}]}],"layers":[{"ddd":0,"ind":1,"ty":0,"nm":"合成 1","refId":"comp_0","ks":{"o":{"a":0,"k":100},"r":{"a":0,"k":0},"p":{"a":0,"k":[150,50,0]},"a":{"a":0,"k":[300,100,0]},"s":{"a":0,"k":[50,50,100]}},"ao":0,"w":600,"h":200,"ip":0,"op":360,"st":0,"bm":0,"sr":1}]}