{"v":"5.1.3","fr":60,"ip":60,"op":540,"w":1242,"h":720,"nm":"homepage_banner_early","ddd":0,"assets":[{"id":"image_0","w":284,"h":283,"u":"images/","p":"activity_main_head_white_0.png"},{"id":"image_1","w":212,"h":208,"u":"images/","p":"activity_main_head_white_1.png"},{"id":"image_2","w":37,"h":76,"u":"images/","p":"activity_main_head_white_2.png"},{"id":"image_3","w":97,"h":75,"u":"images/","p":"activity_main_head_white_3.png"},{"id":"image_4","w":204,"h":160,"u":"images/","p":"activity_main_head_white_4.png"},{"id":"image_5","w":310,"h":153,"u":"images/","p":"activity_main_head_white_5.png"},{"id":"image_6","w":223,"h":172,"u":"images/","p":"activity_main_head_white_6.png"},{"id":"image_7","w":257,"h":235,"u":"images/","p":"activity_main_head_white_7.png"},{"id":"image_8","w":488,"h":183,"u":"images/","p":"activity_main_head_white_8.png"},{"id":"image_9","w":824,"h":307,"u":"images/","p":"activity_main_head_white_9.png"},{"id":"comp_180","layers":[{"ddd":0,"ind":1,"ty":0,"nm":"C1","td":1,"refId":"comp_181","sr":1,"ks":{"o":{"a":0,"k":100,"ix":11},"r":{"a":0,"k":0,"ix":10},"p":{"a":0,"k":[621,360,0],"ix":2},"a":{"a":0,"k":[621,360,0],"ix":1},"s":{"a":0,"k":[100,100,100],"ix":6}},"ao":0,"w":1242,"h":720,"ip":191,"op":518,"st":191,"bm":0},{"ddd":0,"ind":2,"ty":1,"nm":"中间色橙色 纯色 1","tt":1,"sr":1,"ks":{"o":{"a":0,"k":100,"ix":11},"r":{"a":0,"k":0,"ix":10},"p":{"a":0,"k":[621,360,0],"ix":2},"a":{"a":0,"k":[621,360,0],"ix":1},"s":{"a":0,"k":[100,100,100],"ix":6}},"ao":0,"sw":1242,"sh":720,"sc":"#f6bc47","ip":0,"op":2400,"st":0,"bm":0},{"ddd":0,"ind":3,"ty":0,"nm":"C2","td":1,"refId":"comp_194","sr":1,"ks":{"o":{"a":0,"k":100,"ix":11},"r":{"a":0,"k":0,"ix":10},"p":{"a":0,"k":[621,360,0],"ix":2},"a":{"a":0,"k":[621,360,0],"ix":1},"s":{"a":0,"k":[100,100,100],"ix":6}},"ao":0,"w":1242,"h":720,"ip":191,"op":1401,"st":191,"bm":0},{"ddd":0,"ind":4,"ty":1,"nm":"中间色红色 纯色 2","tt":1,"sr":1,"ks":{"o":{"a":0,"k":100,"ix":11},"r":{"a":0,"k":0,"ix":10},"p":{"a":0,"k":[621,360,0],"ix":2},"a":{"a":0,"k":[621,360,0],"ix":1},"s":{"a":0,"k":[100,100,100],"ix":6}},"ao":0,"sw":1242,"sh":720,"sc":"#f64762","ip":0,"op":2400,"st":0,"bm":0},{"ddd":0,"ind":5,"ty":0,"nm":"狮子","refId":"comp_195","sr":1,"ks":{"o":{"a":0,"k":100,"ix":11},"r":{"a":1,"k":[{"i":{"x":[0.667],"y":[1]},"o":{"x":[0.333],"y":[0]},"n":["0p667_1_0p333_0"],"t":95,"s":[0],"e":[6]},{"i":{"x":[0.667],"y":[1]},"o":{"x":[0.333],"y":[0]},"n":["0p667_1_0p333_0"],"t":148.275,"s":[6],"e":[0]},{"i":{"x":[0.667],"y":[1]},"o":{"x":[0.333],"y":[0]},"n":["0p667_1_0p333_0"],"t":169.066,"s":[0],"e":[6]},{"i":{"x":[0.667],"y":[1]},"o":{"x":[0.333],"y":[0]},"n":["0p667_1_0p333_0"],"t":189.855,"s":[6],"e":[-4]},{"i":{"x":[0.667],"y":[1]},"o":{"x":[0.333],"y":[0]},"n":["0p667_1_0p333_0"],"t":210.646,"s":[-4],"e":[10]},{"i":{"x":[0.667],"y":[1]},"o":{"x":[0.333],"y":[0]},"n":["0p667_1_0p333_0"],"t":231.438,"s":[10],"e":[-2]},{"i":{"x":[0.667],"y":[1]},"o":{"x":[0.333],"y":[0]},"n":["0p667_1_0p333_0"],"t":252.229,"s":[-2],"e":[4]},{"i":{"x":[0.667],"y":[1]},"o":{"x":[0.333],"y":[0]},"n":["0p667_1_0p333_0"],"t":273.018,"s":[4],"e":[-2]},{"i":{"x":[0.667],"y":[1]},"o":{"x":[0.333],"y":[0]},"n":["0p667_1_0p333_0"],"t":292.51,"s":[-2],"e":[0]},{"t":312}],"ix":10},"p":{"a":1,"k":[{"i":{"x":0.667,"y":1},"o":{"x":0.333,"y":0},"n":"0p667_1_0p333_0","t":95,"s":[298,291.5,0],"e":[303.5,301,0],"to":[0.91666668653488,1.58333337306976,0],"ti":[1.33333337306976,1.33333337306976,0]},{"i":{"x":0.667,"y":1},"o":{"x":0.333,"y":0},"n":"0p667_1_0p333_0","t":139.18,"s":[303.5,301,0],"e":[290,283.5,0],"to":[-1.33333337306976,-1.33333337306976,0],"ti":[0,0,0]},{"i":{"x":0.667,"y":1},"o":{"x":0.333,"y":0},"n":"0p667_1_0p333_0","t":178.162,"s":[290,283.5,0],"e":[303.5,301,0],"to":[0,0,0],"ti":[0,0,0]},{"i":{"x":0.667,"y":1},"o":{"x":0.333,"y":0},"n":"0p667_1_0p333_0","t":213.246,"s":[303.5,301,0],"e":[290,283.5,0],"to":[0,0,0],"ti":[0.91666668653488,1.58333337306976,0]},{"i":{"x":0.667,"y":1},"o":{"x":0.333,"y":0},"n":"0p667_1_0p333_0","t":249.629,"s":[290,283.5,0],"e":[298,291.5,0],"to":[-0.91666668653488,-1.58333337306976,0],"ti":[-1.33333337306976,-1.33333337306976,0]},{"t":287.310546875}],"ix":2},"a":{"a":0,"k":[227,202,0],"ix":1},"s":{"a":0,"k":[80,80,100],"ix":6}},"ao":0,"w":408,"h":356,"ip":0,"op":2400,"st":0,"bm":0},{"ddd":0,"ind":6,"ty":2,"nm":"1","parent":13,"refId":"image_4","sr":1,"ks":{"o":{"a":0,"k":100,"ix":11},"r":{"a":0,"k":0,"ix":10},"p":{"a":0,"k":[444,109,0],"ix":2},"a":{"a":0,"k":[102,80,0],"ix":1},"s":{"a":0,"k":[100,100,100],"ix":6}},"ao":0,"ip":0,"op":1210,"st":0,"bm":0},{"ddd":0,"ind":7,"ty":2,"nm":"2","parent":17,"refId":"image_5","sr":1,"ks":{"o":{"a":0,"k":100,"ix":11},"r":{"a":0,"k":0,"ix":10},"p":{"a":0,"k":[334,124.5,0],"ix":2},"a":{"a":0,"k":[155,76.5,0],"ix":1},"s":{"a":0,"k":[100,100,100],"ix":6}},"ao":0,"ip":0,"op":1210,"st":0,"bm":0},{"ddd":0,"ind":8,"ty":2,"nm":"3","parent":14,"refId":"image_6","sr":1,"ks":{"o":{"a":0,"k":100,"ix":11},"r":{"a":0,"k":0,"ix":10},"p":{"a":0,"k":[-2.5,92,0],"ix":2},"a":{"a":0,"k":[111.5,86,0],"ix":1},"s":{"a":0,"k":[100,100,100],"ix":6}},"ao":0,"ip":0,"op":1210,"st":0,"bm":0},{"ddd":0,"ind":9,"ty":2,"nm":"炮竹.png","cl":"png","parent":10,"refId":"image_7","sr":1,"ks":{"o":{"a":0,"k":100,"ix":11},"r":{"a":0,"k":0.385,"ix":10},"p":{"a":0,"k":[89.918,101.079,0],"ix":2},"a":{"a":0,"k":[128.5,117.5,0],"ix":1},"s":{"a":0,"k":[100,100,100],"ix":6}},"ao":0,"ip":0,"op":2400,"st":0,"bm":0},{"ddd":0,"ind":10,"ty":3,"nm":"4","parent":15,"sr":1,"ks":{"o":{"a":0,"k":100,"ix":11},"r":{"a":0,"k":0,"ix":10},"p":{"a":0,"k":[40,87,0],"ix":2},"a":{"a":0,"k":[77,81,0],"ix":1},"s":{"a":0,"k":[100,100,100],"ix":6}},"ao":0,"ip":0,"op":1210,"st":0,"bm":0},{"ddd":0,"ind":11,"ty":2,"nm":"5","parent":16,"refId":"image_8","sr":1,"ks":{"o":{"a":0,"k":100,"ix":11},"r":{"a":0,"k":0,"ix":10},"p":{"a":0,"k":[231,90.5,0],"ix":2},"a":{"a":0,"k":[244,91.5,0],"ix":1},"s":{"a":0,"k":[100,100,100],"ix":6}},"ao":0,"ip":0,"op":1210,"st":0,"bm":0},{"ddd":0,"ind":12,"ty":2,"nm":"6","refId":"image_9","sr":1,"ks":{"o":{"a":0,"k":100,"ix":11},"r":{"a":0,"k":0,"ix":10},"p":{"a":0,"k":[564,373.5,0],"ix":2},"a":{"a":0,"k":[412,153.5,0],"ix":1},"s":{"a":0,"k":[100,100,100],"ix":6}},"ao":0,"ip":0,"op":1210,"st":0,"bm":0},{"ddd":0,"ind":13,"ty":3,"nm":"云1","sr":1,"ks":{"o":{"a":0,"k":100,"ix":11},"r":{"a":0,"k":0,"ix":10},"p":{"a":1,"k":[{"i":{"x":0.667,"y":1},"o":{"x":0.333,"y":0},"n":"0p667_1_0p333_0","t":40,"s":[-14,504.5,0],"e":[-14,464.5,0],"to":[0,-6.66666650772095,0],"ti":[0,0,0]},{"i":{"x":0.667,"y":1},"o":{"x":0.333,"y":0},"n":"0p667_1_0p333_0","t":280,"s":[-14,464.5,0],"e":[-14,504.5,0],"to":[0,0,0],"ti":[0,0,0]},{"i":{"x":0.667,"y":1},"o":{"x":0.333,"y":0},"n":"0p667_1_0p333_0","t":520,"s":[-14,504.5,0],"e":[-14,464.5,0],"to":[0,0,0],"ti":[0,0,0]},{"i":{"x":0.667,"y":1},"o":{"x":0.333,"y":0},"n":"0p667_1_0p333_0","t":760,"s":[-14,464.5,0],"e":[-14,504.5,0],"to":[0,0,0],"ti":[0,0,0]},{"i":{"x":0.667,"y":1},"o":{"x":0.333,"y":0},"n":"0p667_1_0p333_0","t":1000,"s":[-14,504.5,0],"e":[-14,464.5,0],"to":[0,0,0],"ti":[0,0,0]},{"i":{"x":0.667,"y":1},"o":{"x":0.333,"y":0},"n":"0p667_1_0p333_0","t":1240,"s":[-14,464.5,0],"e":[-14,504.5,0],"to":[0,0,0],"ti":[0,0,0]},{"i":{"x":0.667,"y":1},"o":{"x":0.333,"y":0},"n":"0p667_1_0p333_0","t":1480,"s":[-14,504.5,0],"e":[-14,464.5,0],"to":[0,0,0],"ti":[0,0,0]},{"i":{"x":0.667,"y":1},"o":{"x":0.333,"y":0},"n":"0p667_1_0p333_0","t":1720,"s":[-14,464.5,0],"e":[-14,504.5,0],"to":[0,0,0],"ti":[0,-6.66666650772095,0]},{"t":1960}],"ix":2},"a":{"a":0,"k":[234,117.5,0],"ix":1},"s":{"a":0,"k":[100,100,100],"ix":6}},"ao":0,"ip":-150,"op":2440,"st":40,"bm":0},{"ddd":0,"ind":14,"ty":3,"nm":"云2","sr":1,"ks":{"o":{"a":0,"k":100,"ix":11},"r":{"a":0,"k":0,"ix":10},"p":{"a":1,"k":[{"i":{"x":0.667,"y":1},"o":{"x":0.333,"y":0},"n":"0p667_1_0p333_0","t":30,"s":[1278.5,488,0],"e":[1278.5,448,0],"to":[0,-6.66666650772095,0],"ti":[0,0,0]},{"i":{"x":0.667,"y":1},"o":{"x":0.333,"y":0},"n":"0p667_1_0p333_0","t":270,"s":[1278.5,448,0],"e":[1278.5,488,0],"to":[0,0,0],"ti":[0,0,0]},{"i":{"x":0.667,"y":1},"o":{"x":0.333,"y":0},"n":"0p667_1_0p333_0","t":510,"s":[1278.5,488,0],"e":[1278.5,448,0],"to":[0,0,0],"ti":[0,0,0]},{"i":{"x":0.667,"y":1},"o":{"x":0.333,"y":0},"n":"0p667_1_0p333_0","t":750,"s":[1278.5,448,0],"e":[1278.5,488,0],"to":[0,0,0],"ti":[0,0,0]},{"i":{"x":0.667,"y":1},"o":{"x":0.333,"y":0},"n":"0p667_1_0p333_0","t":990,"s":[1278.5,488,0],"e":[1278.5,448,0],"to":[0,0,0],"ti":[0,0,0]},{"i":{"x":0.667,"y":1},"o":{"x":0.333,"y":0},"n":"0p667_1_0p333_0","t":1230,"s":[1278.5,448,0],"e":[1278.5,488,0],"to":[0,0,0],"ti":[0,0,0]},{"i":{"x":0.667,"y":1},"o":{"x":0.333,"y":0},"n":"0p667_1_0p333_0","t":1470,"s":[1278.5,488,0],"e":[1278.5,448,0],"to":[0,0,0],"ti":[0,0,0]},{"i":{"x":0.667,"y":1},"o":{"x":0.333,"y":0},"n":"0p667_1_0p333_0","t":1710,"s":[1278.5,448,0],"e":[1278.5,488,0],"to":[0,0,0],"ti":[0,-6.66666650772095,0]},{"t":1950}],"ix":2},"a":{"a":0,"k":[237.5,91,0],"ix":1},"s":{"a":0,"k":[100,100,100],"ix":6}},"ao":0,"ip":-160,"op":2430,"st":30,"bm":0},{"ddd":0,"ind":15,"ty":3,"nm":"麻将","sr":1,"ks":{"o":{"a":0,"k":100,"ix":11},"r":{"a":1,"k":[{"i":{"x":[0.667],"y":[1]},"o":{"x":[0.333],"y":[0]},"n":["0p667_1_0p333_0"],"t":20,"s":[0],"e":[-4]},{"i":{"x":[0.667],"y":[1]},"o":{"x":[0.333],"y":[0]},"n":["0p667_1_0p333_0"],"t":260,"s":[-4],"e":[0]},{"i":{"x":[0.667],"y":[1]},"o":{"x":[0.333],"y":[0]},"n":["0p667_1_0p333_0"],"t":500,"s":[0],"e":[-4]},{"t":740}],"ix":10},"p":{"a":1,"k":[{"i":{"x":0.667,"y":1},"o":{"x":0.333,"y":0},"n":"0p667_1_0p333_0","t":20,"s":[1022.5,406,0],"e":[1022.5,416,0],"to":[0,1.66666662693024,0],"ti":[0,0,0]},{"i":{"x":0.667,"y":1},"o":{"x":0.333,"y":0},"n":"0p667_1_0p333_0","t":260,"s":[1022.5,416,0],"e":[1022.5,406,0],"to":[0,0,0],"ti":[0,-1.66666662693024,0]},{"i":{"x":0.667,"y":1},"o":{"x":0.333,"y":0},"n":"0p667_1_0p333_0","t":500,"s":[1022.5,406,0],"e":[1022.5,426,0],"to":[0,1.66666662693024,0],"ti":[0,0,0]},{"i":{"x":0.667,"y":1},"o":{"x":0.333,"y":0},"n":"0p667_1_0p333_0","t":740,"s":[1022.5,426,0],"e":[1022.5,406,0],"to":[0,0,0],"ti":[0,0,0]},{"i":{"x":0.667,"y":1},"o":{"x":0.333,"y":0},"n":"0p667_1_0p333_0","t":980,"s":[1022.5,406,0],"e":[1022.5,426,0],"to":[0,0,0],"ti":[0,0,0]},{"i":{"x":0.667,"y":1},"o":{"x":0.333,"y":0},"n":"0p667_1_0p333_0","t":1220,"s":[1022.5,426,0],"e":[1022.5,406,0],"to":[0,0,0],"ti":[0,0,0]},{"i":{"x":0.667,"y":1},"o":{"x":0.333,"y":0},"n":"0p667_1_0p333_0","t":1460,"s":[1022.5,406,0],"e":[1022.5,426,0],"to":[0,0,0],"ti":[0,0,0]},{"i":{"x":0.667,"y":1},"o":{"x":0.333,"y":0},"n":"0p667_1_0p333_0","t":1700,"s":[1022.5,426,0],"e":[1022.5,406,0],"to":[0,0,0],"ti":[0,3.33333325386047,0]},{"t":1940}],"ix":2},"a":{"a":0,"k":[90.5,95,0],"ix":1},"s":{"a":0,"k":[100,100,100],"ix":6}},"ao":0,"ip":-170,"op":2420,"st":20,"bm":0},{"ddd":0,"ind":16,"ty":3,"nm":"云3","sr":1,"ks":{"o":{"a":0,"k":100,"ix":11},"r":{"a":0,"k":0,"ix":10},"p":{"a":1,"k":[{"i":{"x":0.667,"y":1},"o":{"x":0.333,"y":0},"n":"0p667_1_0p333_0","t":10,"s":[990,470.5,0],"e":[990,462.5,0],"to":[0,-1.33333337306976,0],"ti":[0,0,0]},{"i":{"x":0.667,"y":1},"o":{"x":0.333,"y":0},"n":"0p667_1_0p333_0","t":250,"s":[990,462.5,0],"e":[990,470.5,0],"to":[0,0,0],"ti":[0,0,0]},{"i":{"x":0.667,"y":1},"o":{"x":0.333,"y":0},"n":"0p667_1_0p333_0","t":490,"s":[990,470.5,0],"e":[990,462.5,0],"to":[0,0,0],"ti":[0,0,0]},{"i":{"x":0.667,"y":1},"o":{"x":0.333,"y":0},"n":"0p667_1_0p333_0","t":730,"s":[990,462.5,0],"e":[990,470.5,0],"to":[0,0,0],"ti":[0,0,0]},{"i":{"x":0.667,"y":1},"o":{"x":0.333,"y":0},"n":"0p667_1_0p333_0","t":970,"s":[990,470.5,0],"e":[990,462.5,0],"to":[0,0,0],"ti":[0,0,0]},{"i":{"x":0.667,"y":1},"o":{"x":0.333,"y":0},"n":"0p667_1_0p333_0","t":1210,"s":[990,462.5,0],"e":[990,470.5,0],"to":[0,0,0],"ti":[0,0,0]},{"i":{"x":0.667,"y":1},"o":{"x":0.333,"y":0},"n":"0p667_1_0p333_0","t":1450,"s":[990,470.5,0],"e":[990,462.5,0],"to":[0,0,0],"ti":[0,0,0]},{"i":{"x":0.667,"y":1},"o":{"x":0.333,"y":0},"n":"0p667_1_0p333_0","t":1690,"s":[990,462.5,0],"e":[990,470.5,0],"to":[0,0,0],"ti":[0,-1.33333337306976,0]},{"t":1930}],"ix":2},"a":{"a":0,"k":[285,105.5,0],"ix":1},"s":{"a":0,"k":[100,100,100],"ix":6}},"ao":0,"ip":-180,"op":2410,"st":10,"bm":0},{"ddd":0,"ind":17,"ty":3,"nm":"云4","sr":1,"ks":{"o":{"a":0,"k":100,"ix":11},"r":{"a":0,"k":0,"ix":10},"p":{"a":1,"k":[{"i":{"x":0.667,"y":1},"o":{"x":0.333,"y":0},"n":"0p667_1_0p333_0","t":0,"s":[153,474.5,0],"e":[153,466.5,0],"to":[0,-1.33333337306976,0],"ti":[0,0,0]},{"i":{"x":0.667,"y":1},"o":{"x":0.333,"y":0},"n":"0p667_1_0p333_0","t":240,"s":[153,466.5,0],"e":[153,474.5,0],"to":[0,0,0],"ti":[0,0,0]},{"i":{"x":0.667,"y":1},"o":{"x":0.333,"y":0},"n":"0p667_1_0p333_0","t":480,"s":[153,474.5,0],"e":[153,466.5,0],"to":[0,0,0],"ti":[0,0,0]},{"i":{"x":0.667,"y":1},"o":{"x":0.333,"y":0},"n":"0p667_1_0p333_0","t":720,"s":[153,466.5,0],"e":[153,474.5,0],"to":[0,0,0],"ti":[0,0,0]},{"i":{"x":0.667,"y":1},"o":{"x":0.333,"y":0},"n":"0p667_1_0p333_0","t":960,"s":[153,474.5,0],"e":[153,466.5,0],"to":[0,0,0],"ti":[0,0,0]},{"i":{"x":0.667,"y":1},"o":{"x":0.333,"y":0},"n":"0p667_1_0p333_0","t":1200,"s":[153,466.5,0],"e":[153,474.5,0],"to":[0,0,0],"ti":[0,0,0]},{"i":{"x":0.667,"y":1},"o":{"x":0.333,"y":0},"n":"0p667_1_0p333_0","t":1440,"s":[153,474.5,0],"e":[153,466.5,0],"to":[0,0,0],"ti":[0,0,0]},{"i":{"x":0.667,"y":1},"o":{"x":0.333,"y":0},"n":"0p667_1_0p333_0","t":1680,"s":[153,466.5,0],"e":[153,474.5,0],"to":[0,0,0],"ti":[0,-1.33333337306976,0]},{"t":1920}],"ix":2},"a":{"a":0,"k":[175,109.5,0],"ix":1},"s":{"a":0,"k":[100,100,100],"ix":6}},"ao":0,"ip":0,"op":2400,"st":0,"bm":0},{"ddd":0,"ind":18,"ty":0,"nm":"fire 2","refId":"comp_196","sr":1,"ks":{"o":{"a":0,"k":100,"ix":11},"r":{"a":0,"k":-11,"ix":10},"p":{"a":0,"k":[612,388.5,0],"ix":2},"a":{"a":0,"k":[110,310,0],"ix":1},"s":{"a":0,"k":[100,100,100],"ix":6}},"ao":0,"w":220,"h":310,"ip":395,"op":995,"st":395,"bm":0},{"ddd":0,"ind":19,"ty":0,"nm":"fire","refId":"comp_197","sr":1,"ks":{"o":{"a":0,"k":100,"ix":11},"r":{"a":0,"k":11,"ix":10},"p":{"a":0,"k":[685,377.5,0],"ix":2},"a":{"a":0,"k":[110,310,0],"ix":1},"s":{"a":0,"k":[75,75,100],"ix":6}},"ao":0,"w":220,"h":310,"ip":330,"op":930,"st":330,"bm":0},{"ddd":0,"ind":20,"ty":0,"nm":"fire","refId":"comp_197","sr":1,"ks":{"o":{"a":0,"k":100,"ix":11},"r":{"a":0,"k":-2,"ix":10},"p":{"a":0,"k":[909,387.5,0],"ix":2},"a":{"a":0,"k":[110,310,0],"ix":1},"s":{"a":0,"k":[100,100,100],"ix":6}},"ao":0,"w":220,"h":310,"ip":306,"op":906,"st":306,"bm":0},{"ddd":0,"ind":21,"ty":0,"nm":"fireda","refId":"comp_196","sr":1,"ks":{"o":{"a":0,"k":100,"ix":11},"r":{"a":0,"k":15,"ix":10},"p":{"a":0,"k":[761,384.5,0],"ix":2},"a":{"a":0,"k":[110,310,0],"ix":1},"s":{"a":0,"k":[100,100,100],"ix":6}},"ao":0,"w":220,"h":310,"ip":167,"op":767,"st":167,"bm":0},{"ddd":0,"ind":22,"ty":0,"nm":"fire","refId":"comp_197","sr":1,"ks":{"o":{"a":0,"k":100,"ix":11},"r":{"a":0,"k":-9,"ix":10},"p":{"a":0,"k":[682,331.5,0],"ix":2},"a":{"a":0,"k":[110,310,0],"ix":1},"s":{"a":0,"k":[75,75,100],"ix":6}},"ao":0,"w":220,"h":310,"ip":102,"op":702,"st":102,"bm":0},{"ddd":0,"ind":23,"ty":0,"nm":"fire","refId":"comp_197","sr":1,"ks":{"o":{"a":0,"k":100,"ix":11},"r":{"a":0,"k":14,"ix":10},"p":{"a":0,"k":[909,387.5,0],"ix":2},"a":{"a":0,"k":[110,310,0],"ix":1},"s":{"a":0,"k":[100,100,100],"ix":6}},"ao":0,"w":220,"h":310,"ip":78,"op":678,"st":78,"bm":0}]},{"id":"comp_181","layers":[{"ddd":0,"ind":1,"ty":0,"nm":"1","refId":"comp_182","sr":1,"ks":{"o":{"a":0,"k":100,"ix":11},"r":{"a":0,"k":45,"ix":10},"p":{"a":1,"k":[{"i":{"x":0.391,"y":0.485},"o":{"x":0.154,"y":0},"n":"0p391_0p485_0p154_0","t":216,"s":[1085,-81,0],"e":[1129,623,0],"to":[-244.33332824707,274,0],"ti":[46.3333320617676,-352,0]},{"t":322}],"ix":2},"a":{"a":0,"k":[25,25,0],"ix":1},"s":{"a":1,"k":[{"i":{"x":[1,1,0.667],"y":[1,1,1]},"o":{"x":[0.647,0.647,0.333],"y":[0,0,0]},"n":["1_1_0p647_0","1_1_0p647_0","0p667_1_0p333_0"],"t":216,"s":[110,110,100],"e":[0,0,100]},{"t":322}],"ix":6}},"ao":0,"w":50,"h":50,"ip":216,"op":1426,"st":216,"bm":0},{"ddd":0,"ind":2,"ty":0,"nm":"3","refId":"comp_183","sr":1,"ks":{"o":{"a":0,"k":100,"ix":11},"r":{"a":0,"k":-19,"ix":10},"p":{"a":1,"k":[{"i":{"x":0.355,"y":0.326},"o":{"x":0.154,"y":0},"n":"0p355_0p326_0p154_0","t":179,"s":[407,-35,0],"e":[607,683,0],"to":[-122.333335876465,194,0],"ti":[-23.6666660308838,-424,0]},{"t":313}],"ix":2},"a":{"a":0,"k":[25,25,0],"ix":1},"s":{"a":1,"k":[{"i":{"x":[1,1,0.667],"y":[1,1,1]},"o":{"x":[0.647,0.647,0.333],"y":[0,0,0]},"n":["1_1_0p647_0","1_1_0p647_0","0p667_1_0p333_0"],"t":179,"s":[120,120,100],"e":[0,0,100]},{"t":313}],"ix":6}},"ao":0,"w":50,"h":50,"ip":179,"op":1389,"st":179,"bm":0},{"ddd":0,"ind":3,"ty":0,"nm":"1","refId":"comp_182","sr":1,"ks":{"o":{"a":0,"k":100,"ix":11},"r":{"a":0,"k":37,"ix":10},"p":{"a":1,"k":[{"i":{"x":0.424,"y":0.579},"o":{"x":0.154,"y":0},"n":"0p424_0p579_0p154_0","t":237,"s":[375,-35,0],"e":[301,671,0],"to":[-204.33332824707,226,0],"ti":[54.3333320617676,-200,0]},{"t":326}],"ix":2},"a":{"a":0,"k":[25,25,0],"ix":1},"s":{"a":1,"k":[{"i":{"x":[1,1,0.667],"y":[1,1,1]},"o":{"x":[0.647,0.647,0.333],"y":[0,0,0]},"n":["1_1_0p647_0","1_1_0p647_0","0p667_1_0p333_0"],"t":237,"s":[70,70,100],"e":[0,0,100]},{"t":326}],"ix":6}},"ao":0,"w":50,"h":50,"ip":237,"op":1447,"st":237,"bm":0},{"ddd":0,"ind":4,"ty":0,"nm":"4","refId":"comp_184","sr":1,"ks":{"o":{"a":0,"k":100,"ix":11},"r":{"a":0,"k":6,"ix":10},"p":{"a":1,"k":[{"i":{"x":0.343,"y":0.117},"o":{"x":0.154,"y":0},"n":"0p343_0p117_0p154_0","t":39,"s":[931,-9,0],"e":[925,647,0],"to":[-62.3333320617676,242,0],"ti":[22.3333339691162,-444,0]},{"t":186}],"ix":2},"a":{"a":0,"k":[25,25,0],"ix":1},"s":{"a":1,"k":[{"i":{"x":[1,1,0.667],"y":[1,1,1]},"o":{"x":[0.647,0.647,0.333],"y":[0,0,0]},"n":["1_1_0p647_0","1_1_0p647_0","0p667_1_0p333_0"],"t":39,"s":[60,60,100],"e":[0,0,100]},{"t":186}],"ix":6}},"ao":0,"w":50,"h":50,"ip":39,"op":1249,"st":39,"bm":0},{"ddd":0,"ind":5,"ty":0,"nm":"2","refId":"comp_185","sr":1,"ks":{"o":{"a":0,"k":100,"ix":11},"r":{"a":0,"k":-56,"ix":10},"p":{"a":1,"k":[{"i":{"x":0.39,"y":0.456},"o":{"x":0.154,"y":0},"n":"0p39_0p456_0p154_0","t":197,"s":[457,-35,0],"e":[475,671,0],"to":[141.66667175293,168,0],"ti":[-71.6666641235352,-424,0]},{"t":304}],"ix":2},"a":{"a":0,"k":[25,25,0],"ix":1},"s":{"a":1,"k":[{"i":{"x":[1,1,0.667],"y":[1,1,1]},"o":{"x":[0.382,0.382,0.333],"y":[0,0,0]},"n":["1_1_0p382_0","1_1_0p382_0","0p667_1_0p333_0"],"t":197,"s":[80,80,100],"e":[0,0,100]},{"t":304}],"ix":6}},"ao":0,"w":50,"h":50,"ip":197,"op":1407,"st":197,"bm":0},{"ddd":0,"ind":6,"ty":0,"nm":"5","refId":"comp_186","sr":1,"ks":{"o":{"a":0,"k":100,"ix":11},"r":{"a":0,"k":5,"ix":10},"p":{"a":1,"k":[{"i":{"x":0.447,"y":0},"o":{"x":0.154,"y":0},"n":"0p447_0_0p154_0","t":174,"s":[691,-5,0],"e":[573,419,0],"to":[-170.33332824707,74,0],"ti":[-9.66666698455811,-220,0]},{"t":318}],"ix":2},"a":{"a":0,"k":[25,25,0],"ix":1},"s":{"a":1,"k":[{"i":{"x":[1,1,0.667],"y":[1,1,1]},"o":{"x":[0.647,0.647,0.333],"y":[0,0,0]},"n":["1_1_0p647_0","1_1_0p647_0","0p667_1_0p333_0"],"t":174,"s":[70,70,100],"e":[0,0,100]},{"t":318}],"ix":6}},"ao":0,"w":50,"h":50,"ip":174,"op":1384,"st":174,"bm":0},{"ddd":0,"ind":7,"ty":0,"nm":"1","refId":"comp_187","sr":1,"ks":{"o":{"a":0,"k":100,"ix":11},"r":{"a":0,"k":13,"ix":10},"p":{"a":1,"k":[{"i":{"x":0.405,"y":0.548},"o":{"x":0.154,"y":0},"n":"0p405_0p548_0p154_0","t":94,"s":[731,-37,0],"e":[839,697,0],"to":[173.66667175293,144,0],"ti":[70.3333358764648,-192,0]},{"t":192}],"ix":2},"a":{"a":0,"k":[25,25,0],"ix":1},"s":{"a":1,"k":[{"i":{"x":[1,1,0.667],"y":[1,1,1]},"o":{"x":[0.647,0.647,0.333],"y":[0,0,0]},"n":["1_1_0p647_0","1_1_0p647_0","0p667_1_0p333_0"],"t":94,"s":[120,120,100],"e":[0,0,100]},{"t":192}],"ix":6}},"ao":0,"w":50,"h":50,"ip":94,"op":1304,"st":94,"bm":0},{"ddd":0,"ind":8,"ty":0,"nm":"4","refId":"comp_188","sr":1,"ks":{"o":{"a":0,"k":100,"ix":11},"r":{"a":0,"k":49,"ix":10},"p":{"a":1,"k":[{"i":{"x":0.341,"y":0.206},"o":{"x":0.154,"y":0},"n":"0p341_0p206_0p154_0","t":83,"s":[211,-47,0],"e":[319,681,0],"to":[123.666664123535,408,0],"ti":[-197.66667175293,-368,0]},{"t":233}],"ix":2},"a":{"a":0,"k":[25,25,0],"ix":1},"s":{"a":1,"k":[{"i":{"x":[1,1,0.667],"y":[1,1,1]},"o":{"x":[0.647,0.647,0.333],"y":[0,0,0]},"n":["1_1_0p647_0","1_1_0p647_0","0p667_1_0p333_0"],"t":83,"s":[80,80,100],"e":[0,0,100]},{"t":233}],"ix":6}},"ao":0,"w":50,"h":50,"ip":83,"op":1293,"st":83,"bm":0},{"ddd":0,"ind":9,"ty":0,"nm":"1","refId":"comp_189","sr":1,"ks":{"o":{"a":0,"k":100,"ix":11},"r":{"a":0,"k":56,"ix":10},"p":{"a":1,"k":[{"i":{"x":0.373,"y":0.336},"o":{"x":0.154,"y":0},"n":"0p373_0p336_0p154_0","t":71,"s":[887,-59,0],"e":[679,561,0],"to":[-208.33332824707,120,0],"ti":[126.333335876465,-320,0]},{"t":190}],"ix":2},"a":{"a":0,"k":[25,25,0],"ix":1},"s":{"a":1,"k":[{"i":{"x":[1,1,0.667],"y":[1,1,1]},"o":{"x":[0.647,0.647,0.333],"y":[0,0,0]},"n":["1_1_0p647_0","1_1_0p647_0","0p667_1_0p333_0"],"t":71,"s":[90,90,100],"e":[0,0,100]},{"t":190}],"ix":6}},"ao":0,"w":50,"h":50,"ip":71,"op":1281,"st":71,"bm":0},{"ddd":0,"ind":10,"ty":0,"nm":"4","refId":"comp_190","sr":1,"ks":{"o":{"a":0,"k":100,"ix":11},"r":{"a":0,"k":71,"ix":10},"p":{"a":1,"k":[{"i":{"x":0.329,"y":0},"o":{"x":0.154,"y":0},"n":"0p329_0_0p154_0","t":31,"s":[217,-47,0],"e":[77,605,0],"to":[-188.33332824707,380,0],"ti":[120.333335876465,-398,0]},{"t":198}],"ix":2},"a":{"a":0,"k":[25,25,0],"ix":1},"s":{"a":1,"k":[{"i":{"x":[1,1,0.667],"y":[1,1,1]},"o":{"x":[0.647,0.647,0.333],"y":[0,0,0]},"n":["1_1_0p647_0","1_1_0p647_0","0p667_1_0p333_0"],"t":31,"s":[100,100,100],"e":[0,0,100]},{"t":198}],"ix":6}},"ao":0,"w":50,"h":50,"ip":31,"op":1241,"st":31,"bm":0},{"ddd":0,"ind":11,"ty":0,"nm":"2","refId":"comp_191","sr":1,"ks":{"o":{"a":0,"k":100,"ix":11},"r":{"a":0,"k":127,"ix":10},"p":{"a":1,"k":[{"i":{"x":0.398,"y":0.251},"o":{"x":0.154,"y":0},"n":"0p398_0p251_0p154_0","t":166,"s":[993,-29,0],"e":[977,435,0],"to":[-116.333335876465,132,0],"ti":[-79.6666641235352,-226,0]},{"t":268}],"ix":2},"a":{"a":0,"k":[25,25,0],"ix":1},"s":{"a":1,"k":[{"i":{"x":[1,1,0.667],"y":[1,1,1]},"o":{"x":[0.647,0.647,0.333],"y":[0,0,0]},"n":["1_1_0p647_0","1_1_0p647_0","0p667_1_0p333_0"],"t":166,"s":[30,30,100],"e":[0,0,100]},{"t":268}],"ix":6}},"ao":0,"w":50,"h":50,"ip":166,"op":1376,"st":166,"bm":0},{"ddd":0,"ind":12,"ty":0,"nm":"5","refId":"comp_186","sr":1,"ks":{"o":{"a":0,"k":100,"ix":11},"r":{"a":0,"k":-35,"ix":10},"p":{"a":1,"k":[{"i":{"x":0.349,"y":0.304},"o":{"x":0.154,"y":0},"n":"0p349_0p304_0p154_0","t":58,"s":[957,-53,0],"e":[1081,677,0],"to":[199.66667175293,138,0],"ti":[110.333335876465,-260,0]},{"t":199}],"ix":2},"a":{"a":0,"k":[25,25,0],"ix":1},"s":{"a":1,"k":[{"i":{"x":[1,1,0.667],"y":[1,1,1]},"o":{"x":[0.647,0.647,0.333],"y":[0,0,0]},"n":["1_1_0p647_0","1_1_0p647_0","0p667_1_0p333_0"],"t":58,"s":[120,120,100],"e":[0,0,100]},{"t":199}],"ix":6}},"ao":0,"w":50,"h":50,"ip":58,"op":1268,"st":58,"bm":0},{"ddd":0,"ind":13,"ty":0,"nm":"1","refId":"comp_187","sr":1,"ks":{"o":{"a":0,"k":100,"ix":11},"r":{"a":0,"k":167,"ix":10},"p":{"a":1,"k":[{"i":{"x":0.391,"y":0.557},"o":{"x":0.154,"y":0},"n":"0p391_0p557_0p154_0","t":157,"s":[611,-25,0],"e":[957,753,0],"to":[95.6666641235352,198,0],"ti":[16.3333339691162,-486,0]},{"t":263}],"ix":2},"a":{"a":0,"k":[25,25,0],"ix":1},"s":{"a":1,"k":[{"i":{"x":[1,1,0.667],"y":[1,1,1]},"o":{"x":[0.647,0.647,0.333],"y":[0,0,0]},"n":["1_1_0p647_0","1_1_0p647_0","0p667_1_0p333_0"],"t":157,"s":[100,100,100],"e":[0,0,100]},{"t":263}],"ix":6}},"ao":0,"w":50,"h":50,"ip":157,"op":1367,"st":157,"bm":0},{"ddd":0,"ind":14,"ty":0,"nm":"5","refId":"comp_192","sr":1,"ks":{"o":{"a":0,"k":100,"ix":11},"r":{"a":0,"k":-43,"ix":10},"p":{"a":1,"k":[{"i":{"x":0.355,"y":0.301},"o":{"x":0.154,"y":0},"n":"0p355_0p301_0p154_0","t":15,"s":[611,-25,0],"e":[687,705,0],"to":[-44.3333320617676,160,0],"ti":[90.3333358764648,-332,0]},{"t":149}],"ix":2},"a":{"a":0,"k":[25,25,0],"ix":1},"s":{"a":1,"k":[{"i":{"x":[1,1,0.667],"y":[1,1,1]},"o":{"x":[0.647,0.647,0.333],"y":[0,0,0]},"n":["1_1_0p647_0","1_1_0p647_0","0p667_1_0p333_0"],"t":15,"s":[110,110,100],"e":[0,0,100]},{"t":149}],"ix":6}},"ao":0,"w":50,"h":50,"ip":15,"op":1225,"st":15,"bm":0},{"ddd":0,"ind":15,"ty":0,"nm":"3","refId":"comp_193","sr":1,"ks":{"o":{"a":0,"k":100,"ix":11},"r":{"a":0,"k":110,"ix":10},"p":{"a":1,"k":[{"i":{"x":0.424,"y":0.582},"o":{"x":0.154,"y":0},"n":"0p424_0p582_0p154_0","t":43,"s":[445,-35,0],"e":[419,679,0],"to":[-164.33332824707,206,0],"ti":[-17.6666660308838,-382,0]},{"t":132}],"ix":2},"a":{"a":0,"k":[25,25,0],"ix":1},"s":{"a":1,"k":[{"i":{"x":[1,1,0.667],"y":[1,1,1]},"o":{"x":[0.647,0.647,0.333],"y":[0,0,0]},"n":["1_1_0p647_0","1_1_0p647_0","0p667_1_0p333_0"],"t":43,"s":[70,70,100],"e":[0,0,100]},{"t":132}],"ix":6}},"ao":0,"w":50,"h":50,"ip":43,"op":1253,"st":43,"bm":0}]},{"id":"comp_182","layers":[{"ddd":0,"ind":1,"ty":4,"nm":"形状图层 1","sr":1,"ks":{"o":{"a":0,"k":100,"ix":11},"r":{"a":0,"k":0,"ix":10},"p":{"a":0,"k":[25,25,0],"ix":2},"a":{"a":0,"k":[0,0,0],"ix":1},"s":{"a":0,"k":[23,23,100],"ix":6}},"ao":0,"shapes":[{"d":1,"ty":"el","s":{"a":0,"k":[100,100],"ix":2},"p":{"a":0,"k":[0,0],"ix":3},"nm":"椭圆路径 1","mn":"ADBE Vector Shape - Ellipse","hd":false},{"ty":"fl","c":{"a":0,"k":[0.963204656863,0.270045560949,0.270045560949,1],"ix":4},"o":{"a":0,"k":100,"ix":5},"r":1,"nm":"填充 1","mn":"ADBE Vector Graphic - Fill","hd":false}],"ip":0,"op":1210,"st":0,"bm":0}]},{"id":"comp_183","layers":[{"ddd":0,"ind":1,"ty":4,"nm":"形状图层 1","sr":1,"ks":{"o":{"a":0,"k":100,"ix":11},"r":{"a":0,"k":0,"ix":10},"p":{"a":0,"k":[25,25,0],"ix":2},"a":{"a":0,"k":[0,0,0],"ix":1},"s":{"a":0,"k":[11,11,100],"ix":6}},"ao":0,"shapes":[{"d":1,"ty":"el","s":{"a":0,"k":[100,100],"ix":2},"p":{"a":0,"k":[0,0],"ix":3},"nm":"椭圆路径 1","mn":"ADBE Vector Shape - Ellipse","hd":false},{"ty":"fl","c":{"a":0,"k":[1,0.880851177141,0.355055147059,1],"ix":4},"o":{"a":0,"k":100,"ix":5},"r":1,"nm":"填充 1","mn":"ADBE Vector Graphic - Fill","hd":false}],"ip":0,"op":1210,"st":0,"bm":0}]},{"id":"comp_184","layers":[{"ddd":0,"ind":1,"ty":4,"nm":"形状图层 1","sr":1,"ks":{"o":{"a":0,"k":100,"ix":11},"r":{"a":0,"k":0,"ix":10},"p":{"a":0,"k":[25,25,0],"ix":2},"a":{"a":0,"k":[0,0,0],"ix":1},"s":{"a":0,"k":[23,23,100],"ix":6}},"ao":0,"shapes":[{"d":1,"ty":"el","s":{"a":0,"k":[100,100],"ix":2},"p":{"a":0,"k":[0,0],"ix":3},"nm":"椭圆路径 1","mn":"ADBE Vector Shape - Ellipse","hd":false},{"ty":"fl","c":{"a":0,"k":[0.637553495519,0.240793908811,0.996262254902,1],"ix":4},"o":{"a":0,"k":100,"ix":5},"r":1,"nm":"填充 1","mn":"ADBE Vector Graphic - Fill","hd":false}],"ip":0,"op":1210,"st":0,"bm":0}]},{"id":"comp_185","layers":[{"ddd":0,"ind":1,"ty":4,"nm":"形状图层 1","sr":1,"ks":{"o":{"a":0,"k":100,"ix":11},"r":{"a":0,"k":0,"ix":10},"p":{"a":0,"k":[25,25,0],"ix":2},"a":{"a":0,"k":[0,0,0],"ix":1},"s":{"a":0,"k":[23,23,100],"ix":6}},"ao":0,"shapes":[{"d":1,"ty":"el","s":{"a":0,"k":[100,100],"ix":2},"p":{"a":0,"k":[0,0],"ix":3},"nm":"椭圆路径 1","mn":"ADBE Vector Shape - Ellipse","hd":false},{"ty":"fl","c":{"a":0,"k":[0.963204656863,0.55444467582,0.270045560949,1],"ix":4},"o":{"a":0,"k":100,"ix":5},"r":1,"nm":"填充 1","mn":"ADBE Vector Graphic - Fill","hd":false}],"ip":0,"op":1210,"st":0,"bm":0}]},{"id":"comp_186","layers":[{"ddd":0,"ind":1,"ty":4,"nm":"形状图层 3","sr":1,"ks":{"o":{"a":0,"k":100,"ix":11},"r":{"a":0,"k":-40,"ix":10},"p":{"a":0,"k":[24.75,23.125,0],"ix":2},"a":{"a":0,"k":[0,0,0],"ix":1},"s":{"a":0,"k":[60,60,100],"ix":6}},"ao":0,"shapes":[{"ty":"gr","it":[{"ind":0,"ty":"sh","ix":1,"ks":{"a":0,"k":{"i":[[0,0],[0,0],[0,0],[0,0]],"o":[[0,0],[0,0],[0,0],[0,0]],"v":[[5.919,-13.012],[8.077,20.692],[-6.418,13.899],[-7.583,-20.115]],"c":true},"ix":2},"nm":"路径 1","mn":"ADBE Vector Shape - Group","hd":false},{"ty":"fl","c":{"a":0,"k":[0.403921568627,0.721568627451,0.945098039216,1],"ix":4},"o":{"a":0,"k":100,"ix":5},"r":1,"nm":"填充 1","mn":"ADBE Vector Graphic - Fill","hd":false},{"ty":"tr","p":{"a":0,"k":[-1.779,4.339],"ix":2},"a":{"a":0,"k":[0,0],"ix":1},"s":{"a":0,"k":[100,100],"ix":3},"r":{"a":0,"k":0,"ix":6},"o":{"a":0,"k":100,"ix":7},"sk":{"a":0,"k":0,"ix":4},"sa":{"a":0,"k":0,"ix":5},"nm":"变换"}],"nm":"矩形 1","np":3,"cix":2,"ix":1,"mn":"ADBE Vector Group","hd":false}],"ip":0,"op":1210,"st":0,"bm":0}]},{"id":"comp_187","layers":[{"ddd":0,"ind":1,"ty":4,"nm":"形状图层 3","sr":1,"ks":{"o":{"a":0,"k":100,"ix":11},"r":{"a":0,"k":-40,"ix":10},"p":{"a":0,"k":[24.75,23.125,0],"ix":2},"a":{"a":0,"k":[0,0,0],"ix":1},"s":{"a":0,"k":[60,60,100],"ix":6}},"ao":0,"shapes":[{"ty":"gr","it":[{"ind":0,"ty":"sh","ix":1,"ks":{"a":0,"k":{"i":[[0,0],[0,0],[0,0],[0,0]],"o":[[0,0],[0,0],[0,0],[0,0]],"v":[[5.919,-13.012],[8.077,20.692],[-6.418,13.899],[-7.583,-20.115]],"c":true},"ix":2},"nm":"路径 1","mn":"ADBE Vector Shape - Group","hd":false},{"ty":"fl","c":{"a":0,"k":[0.864705882353,0.319607843137,0.294117647059,1],"ix":4},"o":{"a":0,"k":100,"ix":5},"r":1,"nm":"填充 1","mn":"ADBE Vector Graphic - Fill","hd":false},{"ty":"tr","p":{"a":0,"k":[-1.779,4.339],"ix":2},"a":{"a":0,"k":[0,0],"ix":1},"s":{"a":0,"k":[100,100],"ix":3},"r":{"a":0,"k":0,"ix":6},"o":{"a":0,"k":100,"ix":7},"sk":{"a":0,"k":0,"ix":4},"sa":{"a":0,"k":0,"ix":5},"nm":"变换"}],"nm":"矩形 1","np":3,"cix":2,"ix":1,"mn":"ADBE Vector Group","hd":false}],"ip":0,"op":1210,"st":0,"bm":0}]},{"id":"comp_188","layers":[{"ddd":0,"ind":1,"ty":4,"nm":"形状图层 3","sr":1,"ks":{"o":{"a":0,"k":100,"ix":11},"r":{"a":0,"k":-40,"ix":10},"p":{"a":0,"k":[24.75,23.125,0],"ix":2},"a":{"a":0,"k":[0,0,0],"ix":1},"s":{"a":0,"k":[60,60,100],"ix":6}},"ao":0,"shapes":[{"ty":"gr","it":[{"ind":0,"ty":"sh","ix":1,"ks":{"a":0,"k":{"i":[[0,0],[0,0],[0,0],[0,0]],"o":[[0,0],[0,0],[0,0],[0,0]],"v":[[5.919,-13.012],[8.077,20.692],[-6.418,13.899],[-7.583,-20.115]],"c":true},"ix":2},"nm":"路径 1","mn":"ADBE Vector Shape - Group","hd":false},{"ty":"fl","c":{"a":0,"k":[0.639215686275,0.239215686275,0.996078431373,1],"ix":4},"o":{"a":0,"k":100,"ix":5},"r":1,"nm":"填充 1","mn":"ADBE Vector Graphic - Fill","hd":false},{"ty":"tr","p":{"a":0,"k":[-1.779,4.339],"ix":2},"a":{"a":0,"k":[0,0],"ix":1},"s":{"a":0,"k":[100,100],"ix":3},"r":{"a":0,"k":0,"ix":6},"o":{"a":0,"k":100,"ix":7},"sk":{"a":0,"k":0,"ix":4},"sa":{"a":0,"k":0,"ix":5},"nm":"变换"}],"nm":"矩形 1","np":3,"cix":2,"ix":1,"mn":"ADBE Vector Group","hd":false}],"ip":0,"op":1210,"st":0,"bm":0}]},{"id":"comp_189","layers":[{"ddd":0,"ind":1,"ty":4,"nm":"形状图层 2","sr":1,"ks":{"o":{"a":0,"k":100,"ix":11},"r":{"a":0,"k":218,"ix":10},"p":{"a":0,"k":[21.25,22.625,0],"ix":2},"a":{"a":0,"k":[0,0,0],"ix":1},"s":{"a":0,"k":[113,113,100],"ix":6}},"ao":0,"shapes":[{"ty":"gr","it":[{"ind":0,"ty":"sh","ix":1,"ks":{"a":0,"k":{"i":[[-5.875,11.25],[1.969,-0.062],[0,0],[-4.5,2.5]],"o":[[-7.5,-0.125],[-4.312,23.438],[0,0],[-11.75,-11.875]],"v":[[3.5,-16.625],[-15.812,-17.188],[-5.75,22.625],[8.375,17.375]],"c":true},"ix":2},"nm":"路径 1","mn":"ADBE Vector Shape - Group","hd":false},{"ty":"fl","c":{"a":0,"k":[0.964705882353,0.270588235294,0.270588235294,1],"ix":4},"o":{"a":0,"k":100,"ix":5},"r":1,"nm":"填充 1","mn":"ADBE Vector Graphic - Fill","hd":false},{"ty":"tr","p":{"a":0,"k":[0,0],"ix":2},"a":{"a":0,"k":[0,0],"ix":1},"s":{"a":0,"k":[100,100],"ix":3},"r":{"a":0,"k":0,"ix":6},"o":{"a":0,"k":100,"ix":7},"sk":{"a":0,"k":0,"ix":4},"sa":{"a":0,"k":0,"ix":5},"nm":"变换"}],"nm":"形状 1","np":3,"cix":2,"ix":1,"mn":"ADBE Vector Group","hd":false}],"ip":0,"op":1210,"st":0,"bm":0}]},{"id":"comp_190","layers":[{"ddd":0,"ind":1,"ty":4,"nm":"形状图层 2","sr":1,"ks":{"o":{"a":0,"k":100,"ix":11},"r":{"a":0,"k":218,"ix":10},"p":{"a":0,"k":[22,23.25,0],"ix":2},"a":{"a":0,"k":[0,0,0],"ix":1},"s":{"a":0,"k":[100,100,100],"ix":6}},"ao":0,"shapes":[{"ty":"gr","it":[{"ind":0,"ty":"sh","ix":1,"ks":{"a":0,"k":{"i":[[-5.875,11.25],[1.969,-0.062],[0,0],[-4.5,2.5]],"o":[[-7.5,-0.125],[-4.312,23.438],[0,0],[-11.75,-11.875]],"v":[[3.5,-16.625],[-15.812,-17.188],[-5.75,22.625],[8.375,17.375]],"c":true},"ix":2},"nm":"路径 1","mn":"ADBE Vector Shape - Group","hd":false},{"ty":"fl","c":{"a":0,"k":[0.639215686275,0.239215686275,0.996078431373,1],"ix":4},"o":{"a":0,"k":100,"ix":5},"r":1,"nm":"填充 1","mn":"ADBE Vector Graphic - Fill","hd":false},{"ty":"tr","p":{"a":0,"k":[0,0],"ix":2},"a":{"a":0,"k":[0,0],"ix":1},"s":{"a":0,"k":[100,100],"ix":3},"r":{"a":0,"k":0,"ix":6},"o":{"a":0,"k":100,"ix":7},"sk":{"a":0,"k":0,"ix":4},"sa":{"a":0,"k":0,"ix":5},"nm":"变换"}],"nm":"形状 1","np":3,"cix":2,"ix":1,"mn":"ADBE Vector Group","hd":false}],"ip":0,"op":1210,"st":0,"bm":0}]},{"id":"comp_191","layers":[{"ddd":0,"ind":1,"ty":4,"nm":"形状图层 3","sr":1,"ks":{"o":{"a":0,"k":100,"ix":11},"r":{"a":0,"k":-40,"ix":10},"p":{"a":0,"k":[24.75,23.125,0],"ix":2},"a":{"a":0,"k":[0,0,0],"ix":1},"s":{"a":0,"k":[60,60,100],"ix":6}},"ao":0,"shapes":[{"ty":"gr","it":[{"ind":0,"ty":"sh","ix":1,"ks":{"a":0,"k":{"i":[[0,0],[0,0],[0,0],[0,0]],"o":[[0,0],[0,0],[0,0],[0,0]],"v":[[5.919,-13.012],[8.077,20.692],[-6.418,13.899],[-7.583,-20.115]],"c":true},"ix":2},"nm":"路径 1","mn":"ADBE Vector Shape - Group","hd":false},{"ty":"fl","c":{"a":0,"k":[0.964705882353,0.552941176471,0.270588235294,1],"ix":4},"o":{"a":0,"k":100,"ix":5},"r":1,"nm":"填充 1","mn":"ADBE Vector Graphic - Fill","hd":false},{"ty":"tr","p":{"a":0,"k":[-1.779,4.339],"ix":2},"a":{"a":0,"k":[0,0],"ix":1},"s":{"a":0,"k":[100,100],"ix":3},"r":{"a":0,"k":0,"ix":6},"o":{"a":0,"k":100,"ix":7},"sk":{"a":0,"k":0,"ix":4},"sa":{"a":0,"k":0,"ix":5},"nm":"变换"}],"nm":"矩形 1","np":3,"cix":2,"ix":1,"mn":"ADBE Vector Group","hd":false}],"ip":0,"op":1210,"st":0,"bm":0}]},{"id":"comp_192","layers":[{"ddd":0,"ind":1,"ty":4,"nm":"形状图层 2","sr":1,"ks":{"o":{"a":0,"k":100,"ix":11},"r":{"a":0,"k":218,"ix":10},"p":{"a":0,"k":[22,23.25,0],"ix":2},"a":{"a":0,"k":[0,0,0],"ix":1},"s":{"a":0,"k":[100,100,100],"ix":6}},"ao":0,"shapes":[{"ty":"gr","it":[{"ind":0,"ty":"sh","ix":1,"ks":{"a":0,"k":{"i":[[-5.875,11.25],[1.969,-0.062],[0,0],[-4.5,2.5]],"o":[[-7.5,-0.125],[-4.312,23.438],[0,0],[-11.75,-11.875]],"v":[[3.5,-16.625],[-15.812,-17.188],[-5.75,22.625],[8.375,17.375]],"c":true},"ix":2},"nm":"路径 1","mn":"ADBE Vector Shape - Group","hd":false},{"ty":"fl","c":{"a":0,"k":[0.403921568627,0.721568627451,0.945098039216,1],"ix":4},"o":{"a":0,"k":100,"ix":5},"r":1,"nm":"填充 1","mn":"ADBE Vector Graphic - Fill","hd":false},{"ty":"tr","p":{"a":0,"k":[0,0],"ix":2},"a":{"a":0,"k":[0,0],"ix":1},"s":{"a":0,"k":[100,100],"ix":3},"r":{"a":0,"k":0,"ix":6},"o":{"a":0,"k":100,"ix":7},"sk":{"a":0,"k":0,"ix":4},"sa":{"a":0,"k":0,"ix":5},"nm":"变换"}],"nm":"形状 1","np":3,"cix":2,"ix":1,"mn":"ADBE Vector Group","hd":false}],"ip":0,"op":1210,"st":0,"bm":0}]},{"id":"comp_193","layers":[{"ddd":0,"ind":1,"ty":4,"nm":"形状图层 3","sr":1,"ks":{"o":{"a":0,"k":100,"ix":11},"r":{"a":0,"k":-40,"ix":10},"p":{"a":0,"k":[24.75,23.125,0],"ix":2},"a":{"a":0,"k":[0,0,0],"ix":1},"s":{"a":0,"k":[60,60,100],"ix":6}},"ao":0,"shapes":[{"ty":"gr","it":[{"ind":0,"ty":"sh","ix":1,"ks":{"a":0,"k":{"i":[[0,0],[0,0],[0,0],[0,0]],"o":[[0,0],[0,0],[0,0],[0,0]],"v":[[5.919,-13.012],[8.077,20.692],[-6.418,13.899],[-7.583,-20.115]],"c":true},"ix":2},"nm":"路径 1","mn":"ADBE Vector Shape - Group","hd":false},{"ty":"fl","c":{"a":0,"k":[1,0.882352941176,0.356862745098,1],"ix":4},"o":{"a":0,"k":100,"ix":5},"r":1,"nm":"填充 1","mn":"ADBE Vector Graphic - Fill","hd":false},{"ty":"tr","p":{"a":0,"k":[-1.779,4.339],"ix":2},"a":{"a":0,"k":[0,0],"ix":1},"s":{"a":0,"k":[100,100],"ix":3},"r":{"a":0,"k":0,"ix":6},"o":{"a":0,"k":100,"ix":7},"sk":{"a":0,"k":0,"ix":4},"sa":{"a":0,"k":0,"ix":5},"nm":"变换"}],"nm":"矩形 1","np":3,"cix":2,"ix":1,"mn":"ADBE Vector Group","hd":false}],"ip":0,"op":1210,"st":0,"bm":0}]},{"id":"comp_194","layers":[{"ddd":0,"ind":1,"ty":0,"nm":"2","refId":"comp_191","sr":1,"ks":{"o":{"a":0,"k":100,"ix":11},"r":{"a":0,"k":-33,"ix":10},"p":{"a":1,"k":[{"i":{"x":0.343,"y":0.247},"o":{"x":0.154,"y":0},"n":"0p343_0p247_0p154_0","t":101,"s":[721,-25,0],"e":[927,691,0],"to":[223.66667175293,160,0],"ti":[-81.6666641235352,-402,0]},{"t":248}],"ix":2},"a":{"a":0,"k":[25,25,0],"ix":1},"s":{"a":1,"k":[{"i":{"x":[1,1,0.667],"y":[1,1,1]},"o":{"x":[0.647,0.647,0.333],"y":[0,0,0]},"n":["1_1_0p647_0","1_1_0p647_0","0p667_1_0p333_0"],"t":101,"s":[100,100,100],"e":[0,0,100]},{"t":248}],"ix":6}},"ao":0,"w":50,"h":50,"ip":101,"op":1311,"st":101,"bm":0},{"ddd":0,"ind":2,"ty":0,"nm":"3","refId":"comp_183","sr":1,"ks":{"o":{"a":0,"k":100,"ix":11},"r":{"a":0,"k":59,"ix":10},"p":{"a":1,"k":[{"i":{"x":0.39,"y":0.487},"o":{"x":0.154,"y":0},"n":"0p39_0p487_0p154_0","t":47,"s":[353,-49,0],"e":[319,687,0],"to":[-76.3333358764648,118,0],"ti":[-153.66667175293,-310,0]},{"t":154}],"ix":2},"a":{"a":0,"k":[25,25,0],"ix":1},"s":{"a":1,"k":[{"i":{"x":[1,1,0.667],"y":[1,1,1]},"o":{"x":[0.647,0.647,0.333],"y":[0,0,0]},"n":["1_1_0p647_0","1_1_0p647_0","0p667_1_0p333_0"],"t":47,"s":[130,130,100],"e":[0,0,100]},{"t":154}],"ix":6}},"ao":0,"w":50,"h":50,"ip":47,"op":1257,"st":47,"bm":0},{"ddd":0,"ind":3,"ty":0,"nm":"4","refId":"comp_190","sr":1,"ks":{"o":{"a":0,"k":100,"ix":11},"r":{"a":0,"k":0,"ix":10},"p":{"a":1,"k":[{"i":{"x":0.346,"y":0.022},"o":{"x":0.154,"y":0},"n":"0p346_0p022_0p154_0","t":12,"s":[691,-5,0],"e":[971,463,0],"to":[117.666664123535,104,0],"ti":[10.3333330154419,-328,0]},{"t":156}],"ix":2},"a":{"a":0,"k":[25,25,0],"ix":1},"s":{"a":1,"k":[{"i":{"x":[1,1,0.667],"y":[1,1,1]},"o":{"x":[0.647,0.647,0.333],"y":[0,0,0]},"n":["1_1_0p647_0","1_1_0p647_0","0p667_1_0p333_0"],"t":12,"s":[60,60,100],"e":[0,0,100]},{"t":156}],"ix":6}},"ao":0,"w":50,"h":50,"ip":12,"op":1222,"st":12,"bm":0},{"ddd":0,"ind":4,"ty":0,"nm":"1","refId":"comp_182","sr":1,"ks":{"o":{"a":0,"k":100,"ix":11},"r":{"a":0,"k":183,"ix":10},"p":{"a":1,"k":[{"i":{"x":0.405,"y":0.536},"o":{"x":0.154,"y":0},"n":"0p405_0p536_0p154_0","t":149,"s":[611,-25,0],"e":[781,677,0],"to":[173.66667175293,144,0],"ti":[70.3333358764648,-192,0]},{"t":247}],"ix":2},"a":{"a":0,"k":[25,25,0],"ix":1},"s":{"a":1,"k":[{"i":{"x":[1,1,0.667],"y":[1,1,1]},"o":{"x":[0.647,0.647,0.333],"y":[0,0,0]},"n":["1_1_0p647_0","1_1_0p647_0","0p667_1_0p333_0"],"t":149,"s":[100,100,100],"e":[0,0,100]},{"t":247}],"ix":6}},"ao":0,"w":50,"h":50,"ip":149,"op":1359,"st":149,"bm":0},{"ddd":0,"ind":5,"ty":0,"nm":"3","refId":"comp_193","sr":1,"ks":{"o":{"a":0,"k":100,"ix":11},"r":{"a":0,"k":-41,"ix":10},"p":{"a":1,"k":[{"i":{"x":0.341,"y":0.179},"o":{"x":0.154,"y":0},"n":"0p341_0p179_0p154_0","t":66,"s":[611,-25,0],"e":[359,621,0],"to":[-206.33332824707,114,0],"ti":[44.3333320617676,-360,0]},{"t":216}],"ix":2},"a":{"a":0,"k":[25,25,0],"ix":1},"s":{"a":1,"k":[{"i":{"x":[1,1,0.667],"y":[1,1,1]},"o":{"x":[0.647,0.647,0.333],"y":[0,0,0]},"n":["1_1_0p647_0","1_1_0p647_0","0p667_1_0p333_0"],"t":66,"s":[120,120,100],"e":[0,0,100]},{"t":216}],"ix":6}},"ao":0,"w":50,"h":50,"ip":66,"op":1276,"st":66,"bm":0},{"ddd":0,"ind":6,"ty":0,"nm":"5","refId":"comp_186","sr":1,"ks":{"o":{"a":0,"k":100,"ix":11},"r":{"a":0,"k":-28,"ix":10},"p":{"a":1,"k":[{"i":{"x":0.373,"y":0.389},"o":{"x":0.154,"y":0},"n":"0p373_0p389_0p154_0","t":132,"s":[683,-35,0],"e":[715,681,0],"to":[113.666664123535,168,0],"ti":[-171.66667175293,-382,0]},{"t":251}],"ix":2},"a":{"a":0,"k":[25,25,0],"ix":1},"s":{"a":1,"k":[{"i":{"x":[1,1,0.667],"y":[1,1,1]},"o":{"x":[0.647,0.647,0.333],"y":[0,0,0]},"n":["1_1_0p647_0","1_1_0p647_0","0p667_1_0p333_0"],"t":132,"s":[100,100,100],"e":[0,0,100]},{"t":251}],"ix":6}},"ao":0,"w":50,"h":50,"ip":132,"op":1342,"st":132,"bm":0},{"ddd":0,"ind":7,"ty":0,"nm":"5","refId":"comp_186","sr":1,"ks":{"o":{"a":0,"k":100,"ix":11},"r":{"a":0,"k":62,"ix":10},"p":{"a":1,"k":[{"i":{"x":0.329,"y":0.123},"o":{"x":0.154,"y":0},"n":"0p329_0p123_0p154_0","t":151,"s":[457,-33,0],"e":[383,695,0],"to":[-214.33332824707,208,0],"ti":[216.33332824707,-432,0]},{"t":318}],"ix":2},"a":{"a":0,"k":[25,25,0],"ix":1},"s":{"a":1,"k":[{"i":{"x":[1,1,0.667],"y":[1,1,1]},"o":{"x":[0.647,0.647,0.333],"y":[0,0,0]},"n":["1_1_0p647_0","1_1_0p647_0","0p667_1_0p333_0"],"t":151,"s":[100,100,100],"e":[0,0,100]},{"t":318}],"ix":6}},"ao":0,"w":50,"h":50,"ip":151,"op":1361,"st":151,"bm":0},{"ddd":0,"ind":8,"ty":0,"nm":"1","refId":"comp_182","sr":1,"ks":{"o":{"a":0,"k":100,"ix":11},"r":{"a":0,"k":141,"ix":10},"p":{"a":1,"k":[{"i":{"x":0.398,"y":0.489},"o":{"x":0.154,"y":0},"n":"0p398_0p489_0p154_0","t":15,"s":[611,-25,0],"e":[517,677,0],"to":[-156.33332824707,224,0],"ti":[22.3333339691162,-444,0]},{"t":117}],"ix":2},"a":{"a":0,"k":[25,25,0],"ix":1},"s":{"a":1,"k":[{"i":{"x":[1,1,0.667],"y":[1,1,1]},"o":{"x":[0.647,0.647,0.333],"y":[0,0,0]},"n":["1_1_0p647_0","1_1_0p647_0","0p667_1_0p333_0"],"t":15,"s":[40,40,100],"e":[0,0,100]},{"t":117}],"ix":6}},"ao":0,"w":50,"h":50,"ip":15,"op":1225,"st":15,"bm":0},{"ddd":0,"ind":9,"ty":0,"nm":"1","refId":"comp_182","sr":1,"ks":{"o":{"a":0,"k":100,"ix":11},"r":{"a":0,"k":-25,"ix":10},"p":{"a":1,"k":[{"i":{"x":0.349,"y":0.367},"o":{"x":0.154,"y":0},"n":"0p349_0p367_0p154_0","t":0,"s":[611,-25,0],"e":[1013,685,0],"to":[257.666656494141,134,0],"ti":[10.3333330154419,-416,0]},{"t":141}],"ix":2},"a":{"a":0,"k":[25,25,0],"ix":1},"s":{"a":1,"k":[{"i":{"x":[1,1,0.667],"y":[1,1,1]},"o":{"x":[0.647,0.647,0.333],"y":[0,0,0]},"n":["1_1_0p647_0","1_1_0p647_0","0p667_1_0p333_0"],"t":0,"s":[100,100,100],"e":[0,0,100]},{"t":141}],"ix":6}},"ao":0,"w":50,"h":50,"ip":0,"op":1210,"st":0,"bm":0}]},{"id":"comp_195","layers":[{"ddd":0,"ind":1,"ty":3,"nm":"空 1","sr":1,"ks":{"o":{"a":0,"k":0,"ix":11},"r":{"a":0,"k":0,"ix":10},"p":{"a":0,"k":[228,188.5,0],"ix":2},"a":{"a":0,"k":[0,0,0],"ix":1},"s":{"a":0,"k":[100,100,100],"ix":6}},"ao":0,"ip":0,"op":2400,"st":0,"bm":0},{"ddd":0,"ind":2,"ty":2,"nm":"狮头前","refId":"image_0","sr":1,"ks":{"o":{"a":0,"k":100,"ix":11},"r":{"a":0,"k":0,"ix":10},"p":{"a":0,"k":[188,142.5,0],"ix":2},"a":{"a":0,"k":[142,141.5,0],"ix":1},"s":{"a":0,"k":[100,100,100],"ix":6}},"ao":0,"ip":0,"op":2400,"st":0,"bm":0},{"ddd":0,"ind":3,"ty":2,"nm":"狮头后","refId":"image_1","sr":1,"ks":{"o":{"a":0,"k":100,"ix":11},"r":{"a":0,"k":0,"ix":10},"p":{"a":0,"k":[191,145,0],"ix":2},"a":{"a":0,"k":[106,104,0],"ix":1},"s":{"a":0,"k":[100,100,100],"ix":6}},"ao":0,"ip":0,"op":2400,"st":0,"bm":0},{"ddd":0,"ind":4,"ty":4,"nm":"眼皮左","sr":1,"ks":{"o":{"a":0,"k":100,"ix":11},"r":{"a":0,"k":0,"ix":10},"p":{"a":1,"k":[{"i":{"x":0.833,"y":0.833},"o":{"x":0.167,"y":0.167},"n":"0p833_0p833_0p167_0p167","t":120,"s":[169.375,132.139,0],"e":[153.875,174.139,0],"to":[-2.58333325386047,7,0],"ti":[2.58333325386047,-7,0]},{"i":{"x":0.833,"y":0.833},"o":{"x":0.167,"y":0.167},"n":"0p833_0p833_0p167_0p167","t":125,"s":[153.875,174.139,0],"e":[153.875,174.139,0],"to":[0,0,0],"ti":[0,0,0]},{"i":{"x":0.833,"y":0.833},"o":{"x":0.167,"y":0.167},"n":"0p833_0p833_0p167_0p167","t":128,"s":[153.875,174.139,0],"e":[169.375,132.139,0],"to":[2.58333325386047,-7,0],"ti":[-2.58333325386047,7,0]},{"i":{"x":0.833,"y":0.833},"o":{"x":0.167,"y":0.167},"n":"0p833_0p833_0p167_0p167","t":133,"s":[169.375,132.139,0],"e":[169.375,132.139,0],"to":[0,0,0],"ti":[0,0,0]},{"i":{"x":0.833,"y":0.833},"o":{"x":0.167,"y":0.167},"n":"0p833_0p833_0p167_0p167","t":138,"s":[169.375,132.139,0],"e":[153.875,174.139,0],"to":[-2.58333325386047,7,0],"ti":[2.58333325386047,-7,0]},{"i":{"x":0.833,"y":0.833},"o":{"x":0.167,"y":0.167},"n":"0p833_0p833_0p167_0p167","t":143,"s":[153.875,174.139,0],"e":[153.875,174.139,0],"to":[0,0,0],"ti":[0,0,0]},{"i":{"x":0.833,"y":0.833},"o":{"x":0.167,"y":0.167},"n":"0p833_0p833_0p167_0p167","t":146,"s":[153.875,174.139,0],"e":[169.375,132.139,0],"to":[2.58333325386047,-7,0],"ti":[-2.58333325386047,7,0]},{"i":{"x":0.833,"y":0.833},"o":{"x":0.167,"y":0.167},"n":"0p833_0p833_0p167_0p167","t":151,"s":[169.375,132.139,0],"e":[169.375,132.139,0],"to":[0,0,0],"ti":[0,0,0]},{"i":{"x":0.833,"y":0.833},"o":{"x":0.167,"y":0.167},"n":"0p833_0p833_0p167_0p167","t":174,"s":[169.375,132.139,0],"e":[153.875,174.139,0],"to":[-2.58333325386047,7,0],"ti":[2.58333325386047,-7,0]},{"i":{"x":0.833,"y":0.833},"o":{"x":0.167,"y":0.167},"n":"0p833_0p833_0p167_0p167","t":179,"s":[153.875,174.139,0],"e":[153.875,174.139,0],"to":[0,0,0],"ti":[0,0,0]},{"i":{"x":0.833,"y":0.833},"o":{"x":0.167,"y":0.167},"n":"0p833_0p833_0p167_0p167","t":182,"s":[153.875,174.139,0],"e":[169.375,132.139,0],"to":[2.58333325386047,-7,0],"ti":[-2.58333325386047,7,0]},{"i":{"x":0.833,"y":0.833},"o":{"x":0.167,"y":0.167},"n":"0p833_0p833_0p167_0p167","t":187,"s":[169.375,132.139,0],"e":[169.375,132.139,0],"to":[0,0,0],"ti":[0,0,0]},{"i":{"x":0.833,"y":0.833},"o":{"x":0.167,"y":0.167},"n":"0p833_0p833_0p167_0p167","t":262,"s":[169.375,132.139,0],"e":[153.875,174.139,0],"to":[-2.58333325386047,7,0],"ti":[2.58333325386047,-7,0]},{"i":{"x":0.833,"y":0.833},"o":{"x":0.167,"y":0.167},"n":"0p833_0p833_0p167_0p167","t":267,"s":[153.875,174.139,0],"e":[153.875,174.139,0],"to":[0,0,0],"ti":[0,0,0]},{"i":{"x":0.833,"y":0.833},"o":{"x":0.167,"y":0.167},"n":"0p833_0p833_0p167_0p167","t":270,"s":[153.875,174.139,0],"e":[169.375,132.139,0],"to":[2.58333325386047,-7,0],"ti":[-2.58333325386047,7,0]},{"i":{"x":0.833,"y":0.833},"o":{"x":0.167,"y":0.167},"n":"0p833_0p833_0p167_0p167","t":275,"s":[169.375,132.139,0],"e":[169.375,132.139,0],"to":[0,0,0],"ti":[0,0,0]},{"i":{"x":0.833,"y":0.833},"o":{"x":0.167,"y":0.167},"n":"0p833_0p833_0p167_0p167","t":280,"s":[169.375,132.139,0],"e":[153.875,174.139,0],"to":[-2.58333325386047,7,0],"ti":[2.58333325386047,-7,0]},{"i":{"x":0.833,"y":0.833},"o":{"x":0.167,"y":0.167},"n":"0p833_0p833_0p167_0p167","t":285,"s":[153.875,174.139,0],"e":[153.875,174.139,0],"to":[0,0,0],"ti":[0,0,0]},{"i":{"x":0.833,"y":0.833},"o":{"x":0.167,"y":0.167},"n":"0p833_0p833_0p167_0p167","t":288,"s":[153.875,174.139,0],"e":[169.375,132.139,0],"to":[2.58333325386047,-7,0],"ti":[-2.58333325386047,7,0]},{"i":{"x":0.833,"y":0.833},"o":{"x":0.167,"y":0.167},"n":"0p833_0p833_0p167_0p167","t":293,"s":[169.375,132.139,0],"e":[169.375,132.139,0],"to":[0,0,0],"ti":[0,0,0]},{"i":{"x":0.833,"y":0.833},"o":{"x":0.167,"y":0.167},"n":"0p833_0p833_0p167_0p167","t":316,"s":[169.375,132.139,0],"e":[153.875,174.139,0],"to":[-2.58333325386047,7,0],"ti":[2.58333325386047,-7,0]},{"i":{"x":0.833,"y":0.833},"o":{"x":0.167,"y":0.167},"n":"0p833_0p833_0p167_0p167","t":321,"s":[153.875,174.139,0],"e":[153.875,174.139,0],"to":[0,0,0],"ti":[0,0,0]},{"i":{"x":0.833,"y":0.833},"o":{"x":0.167,"y":0.167},"n":"0p833_0p833_0p167_0p167","t":324,"s":[153.875,174.139,0],"e":[169.375,132.139,0],"to":[2.58333325386047,-7,0],"ti":[-2.58333325386047,7,0]},{"i":{"x":0.833,"y":0.833},"o":{"x":0.167,"y":0.167},"n":"0p833_0p833_0p167_0p167","t":329,"s":[169.375,132.139,0],"e":[169.375,132.139,0],"to":[0,0,0],"ti":[0,0,0]},{"i":{"x":0.833,"y":0.833},"o":{"x":0.167,"y":0.167},"n":"0p833_0p833_0p167_0p167","t":429,"s":[169.375,132.139,0],"e":[153.875,174.139,0],"to":[-2.58333325386047,7,0],"ti":[2.58333325386047,-7,0]},{"i":{"x":0.833,"y":0.833},"o":{"x":0.167,"y":0.167},"n":"0p833_0p833_0p167_0p167","t":434,"s":[153.875,174.139,0],"e":[153.875,174.139,0],"to":[0,0,0],"ti":[0,0,0]},{"i":{"x":0.833,"y":0.833},"o":{"x":0.167,"y":0.167},"n":"0p833_0p833_0p167_0p167","t":437,"s":[153.875,174.139,0],"e":[169.375,132.139,0],"to":[2.58333325386047,-7,0],"ti":[-2.58333325386047,7,0]},{"i":{"x":0.833,"y":0.833},"o":{"x":0.167,"y":0.167},"n":"0p833_0p833_0p167_0p167","t":442,"s":[169.375,132.139,0],"e":[169.375,132.139,0],"to":[0,0,0],"ti":[0,0,0]},{"i":{"x":0.833,"y":0.833},"o":{"x":0.167,"y":0.167},"n":"0p833_0p833_0p167_0p167","t":447,"s":[169.375,132.139,0],"e":[153.875,174.139,0],"to":[-2.58333325386047,7,0],"ti":[2.58333325386047,-7,0]},{"i":{"x":0.833,"y":0.833},"o":{"x":0.167,"y":0.167},"n":"0p833_0p833_0p167_0p167","t":452,"s":[153.875,174.139,0],"e":[153.875,174.139,0],"to":[0,0,0],"ti":[0,0,0]},{"i":{"x":0.833,"y":0.833},"o":{"x":0.167,"y":0.167},"n":"0p833_0p833_0p167_0p167","t":455,"s":[153.875,174.139,0],"e":[169.375,132.139,0],"to":[2.58333325386047,-7,0],"ti":[-2.58333325386047,7,0]},{"i":{"x":0.833,"y":0.833},"o":{"x":0.167,"y":0.167},"n":"0p833_0p833_0p167_0p167","t":460,"s":[169.375,132.139,0],"e":[169.375,132.139,0],"to":[0,0,0],"ti":[0,0,0]},{"i":{"x":0.833,"y":0.833},"o":{"x":0.167,"y":0.167},"n":"0p833_0p833_0p167_0p167","t":483,"s":[169.375,132.139,0],"e":[153.875,174.139,0],"to":[-2.58333325386047,7,0],"ti":[2.58333325386047,-7,0]},{"i":{"x":0.833,"y":0.833},"o":{"x":0.167,"y":0.167},"n":"0p833_0p833_0p167_0p167","t":488,"s":[153.875,174.139,0],"e":[153.875,174.139,0],"to":[0,0,0],"ti":[0,0,0]},{"i":{"x":0.833,"y":0.833},"o":{"x":0.167,"y":0.167},"n":"0p833_0p833_0p167_0p167","t":491,"s":[153.875,174.139,0],"e":[169.375,132.139,0],"to":[2.58333325386047,-7,0],"ti":[-2.58333325386047,7,0]},{"t":496}],"ix":2},"a":{"a":0,"k":[-386.875,-132.361,0],"ix":1},"s":{"a":0,"k":[100,100,100],"ix":6}},"ao":0,"shapes":[{"ind":0,"ty":"sh","ix":1,"ks":{"a":0,"k":{"i":[[-27.338,0],[0,-27.338],[28.99,0.92],[0,27.338]],"o":[[27.338,0],[0,27.338],[-31.5,-1],[0,-27.338]],"v":[[-390,-182],[-338.75,-130.75],[-392.25,-82.75],[-435,-131.25]],"c":true},"ix":2},"nm":"路径 1","mn":"ADBE Vector Shape - Group","hd":false},{"ty":"fl","c":{"a":0,"k":[0.117647059262,0.580392181873,0.443137258291,1],"ix":4},"o":{"a":0,"k":100,"ix":5},"r":1,"nm":"填充 1","mn":"ADBE Vector Graphic - Fill","hd":false}],"ip":0,"op":2400,"st":0,"bm":0},{"ddd":0,"ind":5,"ty":4,"nm":"眼皮右","sr":1,"ks":{"o":{"a":0,"k":100,"ix":11},"r":{"a":0,"k":0,"ix":10},"p":{"a":1,"k":[{"i":{"x":0.833,"y":0.833},"o":{"x":0.167,"y":0.167},"n":"0p833_0p833_0p167_0p167","t":120,"s":[217.5,122.5,0],"e":[250,134,0],"to":[5.41666650772095,1.91666662693024,0],"ti":[-5.41666650772095,-1.91666662693024,0]},{"i":{"x":0.833,"y":0.833},"o":{"x":0.167,"y":0.167},"n":"0p833_0p833_0p167_0p167","t":125,"s":[250,134,0],"e":[250,134,0],"to":[0,0,0],"ti":[0,0,0]},{"i":{"x":0.833,"y":0.833},"o":{"x":0.167,"y":0.167},"n":"0p833_0p833_0p167_0p167","t":128,"s":[250,134,0],"e":[217.5,122.5,0],"to":[-5.41666650772095,-1.91666662693024,0],"ti":[5.41666650772095,1.91666662693024,0]},{"i":{"x":0.833,"y":0.833},"o":{"x":0.167,"y":0.167},"n":"0p833_0p833_0p167_0p167","t":133,"s":[217.5,122.5,0],"e":[217.5,122.5,0],"to":[0,0,0],"ti":[0,0,0]},{"i":{"x":0.833,"y":0.833},"o":{"x":0.167,"y":0.167},"n":"0p833_0p833_0p167_0p167","t":138,"s":[217.5,122.5,0],"e":[250,134,0],"to":[5.41666650772095,1.91666662693024,0],"ti":[-5.41666650772095,-1.91666662693024,0]},{"i":{"x":0.833,"y":0.833},"o":{"x":0.167,"y":0.167},"n":"0p833_0p833_0p167_0p167","t":143,"s":[250,134,0],"e":[250,134,0],"to":[0,0,0],"ti":[0,0,0]},{"i":{"x":0.833,"y":0.833},"o":{"x":0.167,"y":0.167},"n":"0p833_0p833_0p167_0p167","t":146,"s":[250,134,0],"e":[217.5,122.5,0],"to":[-5.41666650772095,-1.91666662693024,0],"ti":[5.41666650772095,1.91666662693024,0]},{"i":{"x":0.833,"y":0.833},"o":{"x":0.167,"y":0.167},"n":"0p833_0p833_0p167_0p167","t":151,"s":[217.5,122.5,0],"e":[217.5,122.5,0],"to":[0,0,0],"ti":[0,0,0]},{"i":{"x":0.833,"y":0.833},"o":{"x":0.167,"y":0.167},"n":"0p833_0p833_0p167_0p167","t":174,"s":[217.5,122.5,0],"e":[250,134,0],"to":[5.41666650772095,1.91666662693024,0],"ti":[-5.41666650772095,-1.91666662693024,0]},{"i":{"x":0.833,"y":0.833},"o":{"x":0.167,"y":0.167},"n":"0p833_0p833_0p167_0p167","t":179,"s":[250,134,0],"e":[250,134,0],"to":[0,0,0],"ti":[0,0,0]},{"i":{"x":0.833,"y":0.833},"o":{"x":0.167,"y":0.167},"n":"0p833_0p833_0p167_0p167","t":182,"s":[250,134,0],"e":[217.5,122.5,0],"to":[-5.41666650772095,-1.91666662693024,0],"ti":[5.41666650772095,1.91666662693024,0]},{"i":{"x":0.833,"y":0.833},"o":{"x":0.167,"y":0.167},"n":"0p833_0p833_0p167_0p167","t":187,"s":[217.5,122.5,0],"e":[217.5,122.5,0],"to":[0,0,0],"ti":[0,0,0]},{"i":{"x":0.833,"y":0.833},"o":{"x":0.167,"y":0.167},"n":"0p833_0p833_0p167_0p167","t":262,"s":[217.5,122.5,0],"e":[250,134,0],"to":[5.41666650772095,1.91666662693024,0],"ti":[-5.41666650772095,-1.91666662693024,0]},{"i":{"x":0.833,"y":0.833},"o":{"x":0.167,"y":0.167},"n":"0p833_0p833_0p167_0p167","t":267,"s":[250,134,0],"e":[250,134,0],"to":[0,0,0],"ti":[0,0,0]},{"i":{"x":0.833,"y":0.833},"o":{"x":0.167,"y":0.167},"n":"0p833_0p833_0p167_0p167","t":270,"s":[250,134,0],"e":[217.5,122.5,0],"to":[-5.41666650772095,-1.91666662693024,0],"ti":[5.41666650772095,1.91666662693024,0]},{"i":{"x":0.833,"y":0.833},"o":{"x":0.167,"y":0.167},"n":"0p833_0p833_0p167_0p167","t":275,"s":[217.5,122.5,0],"e":[217.5,122.5,0],"to":[0,0,0],"ti":[0,0,0]},{"i":{"x":0.833,"y":0.833},"o":{"x":0.167,"y":0.167},"n":"0p833_0p833_0p167_0p167","t":280,"s":[217.5,122.5,0],"e":[250,134,0],"to":[5.41666650772095,1.91666662693024,0],"ti":[-5.41666650772095,-1.91666662693024,0]},{"i":{"x":0.833,"y":0.833},"o":{"x":0.167,"y":0.167},"n":"0p833_0p833_0p167_0p167","t":285,"s":[250,134,0],"e":[250,134,0],"to":[0,0,0],"ti":[0,0,0]},{"i":{"x":0.833,"y":0.833},"o":{"x":0.167,"y":0.167},"n":"0p833_0p833_0p167_0p167","t":288,"s":[250,134,0],"e":[217.5,122.5,0],"to":[-5.41666650772095,-1.91666662693024,0],"ti":[5.41666650772095,1.91666662693024,0]},{"i":{"x":0.833,"y":0.833},"o":{"x":0.167,"y":0.167},"n":"0p833_0p833_0p167_0p167","t":293,"s":[217.5,122.5,0],"e":[217.5,122.5,0],"to":[0,0,0],"ti":[0,0,0]},{"i":{"x":0.833,"y":0.833},"o":{"x":0.167,"y":0.167},"n":"0p833_0p833_0p167_0p167","t":316,"s":[217.5,122.5,0],"e":[250,134,0],"to":[5.41666650772095,1.91666662693024,0],"ti":[-5.41666650772095,-1.91666662693024,0]},{"i":{"x":0.833,"y":0.833},"o":{"x":0.167,"y":0.167},"n":"0p833_0p833_0p167_0p167","t":321,"s":[250,134,0],"e":[250,134,0],"to":[0,0,0],"ti":[0,0,0]},{"i":{"x":0.833,"y":0.833},"o":{"x":0.167,"y":0.167},"n":"0p833_0p833_0p167_0p167","t":324,"s":[250,134,0],"e":[217.5,122.5,0],"to":[-5.41666650772095,-1.91666662693024,0],"ti":[5.41666650772095,1.91666662693024,0]},{"i":{"x":0.833,"y":0.833},"o":{"x":0.167,"y":0.167},"n":"0p833_0p833_0p167_0p167","t":329,"s":[217.5,122.5,0],"e":[217.5,122.5,0],"to":[0,0,0],"ti":[0,0,0]},{"i":{"x":0.833,"y":0.833},"o":{"x":0.167,"y":0.167},"n":"0p833_0p833_0p167_0p167","t":429,"s":[217.5,122.5,0],"e":[250,134,0],"to":[5.41666650772095,1.91666662693024,0],"ti":[-5.41666650772095,-1.91666662693024,0]},{"i":{"x":0.833,"y":0.833},"o":{"x":0.167,"y":0.167},"n":"0p833_0p833_0p167_0p167","t":434,"s":[250,134,0],"e":[250,134,0],"to":[0,0,0],"ti":[0,0,0]},{"i":{"x":0.833,"y":0.833},"o":{"x":0.167,"y":0.167},"n":"0p833_0p833_0p167_0p167","t":437,"s":[250,134,0],"e":[217.5,122.5,0],"to":[-5.41666650772095,-1.91666662693024,0],"ti":[5.41666650772095,1.91666662693024,0]},{"i":{"x":0.833,"y":0.833},"o":{"x":0.167,"y":0.167},"n":"0p833_0p833_0p167_0p167","t":442,"s":[217.5,122.5,0],"e":[217.5,122.5,0],"to":[0,0,0],"ti":[0,0,0]},{"i":{"x":0.833,"y":0.833},"o":{"x":0.167,"y":0.167},"n":"0p833_0p833_0p167_0p167","t":447,"s":[217.5,122.5,0],"e":[250,134,0],"to":[5.41666650772095,1.91666662693024,0],"ti":[-5.41666650772095,-1.91666662693024,0]},{"i":{"x":0.833,"y":0.833},"o":{"x":0.167,"y":0.167},"n":"0p833_0p833_0p167_0p167","t":452,"s":[250,134,0],"e":[250,134,0],"to":[0,0,0],"ti":[0,0,0]},{"i":{"x":0.833,"y":0.833},"o":{"x":0.167,"y":0.167},"n":"0p833_0p833_0p167_0p167","t":455,"s":[250,134,0],"e":[217.5,122.5,0],"to":[-5.41666650772095,-1.91666662693024,0],"ti":[5.41666650772095,1.91666662693024,0]},{"i":{"x":0.833,"y":0.833},"o":{"x":0.167,"y":0.167},"n":"0p833_0p833_0p167_0p167","t":460,"s":[217.5,122.5,0],"e":[217.5,122.5,0],"to":[0,0,0],"ti":[0,0,0]},{"i":{"x":0.833,"y":0.833},"o":{"x":0.167,"y":0.167},"n":"0p833_0p833_0p167_0p167","t":483,"s":[217.5,122.5,0],"e":[250,134,0],"to":[5.41666650772095,1.91666662693024,0],"ti":[-5.41666650772095,-1.91666662693024,0]},{"i":{"x":0.833,"y":0.833},"o":{"x":0.167,"y":0.167},"n":"0p833_0p833_0p167_0p167","t":488,"s":[250,134,0],"e":[250,134,0],"to":[0,0,0],"ti":[0,0,0]},{"i":{"x":0.833,"y":0.833},"o":{"x":0.167,"y":0.167},"n":"0p833_0p833_0p167_0p167","t":491,"s":[250,134,0],"e":[217.5,122.5,0],"to":[-5.41666650772095,-1.91666662693024,0],"ti":[5.41666650772095,1.91666662693024,0]},{"t":496}],"ix":2},"a":{"a":0,"k":[-390.5,-132,0],"ix":1},"s":{"a":0,"k":[100,100,100],"ix":6}},"ao":0,"shapes":[{"ind":0,"ty":"sh","ix":1,"ks":{"a":0,"k":{"i":[[-27.338,0],[0,-27.338],[27.338,0],[0,27.338]],"o":[[27.338,0],[0,27.338],[-27.338,0],[0,-27.338]],"v":[[-390.5,-181.5],[-341,-132],[-390.5,-82.5],[-440,-132]],"c":true},"ix":2},"nm":"路径 1","mn":"ADBE Vector Shape - Group","hd":false},{"ty":"fl","c":{"a":0,"k":[0.117647059262,0.580392181873,0.443137258291,1],"ix":4},"o":{"a":0,"k":100,"ix":5},"r":1,"nm":"填充 1","mn":"ADBE Vector Graphic - Fill","hd":false}],"ip":0,"op":2400,"st":0,"bm":0},{"ddd":0,"ind":6,"ty":2,"nm":"右眼","refId":"image_2","sr":1,"ks":{"o":{"a":0,"k":100,"ix":11},"r":{"a":0,"k":0,"ix":10},"p":{"a":0,"k":[283.5,142,0],"ix":2},"a":{"a":0,"k":[18.5,38,0],"ix":1},"s":{"a":0,"k":[100,100,100],"ix":6}},"ao":0,"ip":0,"op":2400,"st":0,"bm":0},{"ddd":0,"ind":7,"ty":2,"nm":"左眼","refId":"image_3","sr":1,"ks":{"o":{"a":0,"k":100,"ix":11},"r":{"a":0,"k":0,"ix":10},"p":{"a":0,"k":[143.5,200.5,0],"ix":2},"a":{"a":0,"k":[48.5,37.5,0],"ix":1},"s":{"a":0,"k":[100,100,100],"ix":6}},"ao":0,"ip":0,"op":2400,"st":0,"bm":0}]},{"id":"comp_196","layers":[{"ddd":0,"ind":1,"ty":4,"nm":"形状图层 9","sr":1,"ks":{"o":{"a":1,"k":[{"i":{"x":[0.833],"y":[0.833]},"o":{"x":[0.167],"y":[0.167]},"n":["0p833_0p833_0p167_0p167"],"t":110,"s":[100],"e":[0]},{"t":133}],"ix":11},"r":{"a":0,"k":53,"ix":10},"p":{"a":1,"k":[{"i":{"x":0.122,"y":1},"o":{"x":0,"y":0},"n":"0p122_1_0_0","t":40,"s":[108.204,103.7,0],"e":[174.454,51.7,0],"to":[11.0416669845581,-8.66666698455811,0],"ti":[-11.0416669845581,8.66666698455811,0]},{"t":133}],"ix":2},"a":{"a":0,"k":[228.204,-118.5,0],"ix":1},"s":{"a":1,"k":[{"i":{"x":[0.667,0.667,0.667],"y":[1,1,1]},"o":{"x":[0.333,0.333,0.333],"y":[0,0,0]},"n":["0p667_1_0p333_0","0p667_1_0p333_0","0p667_1_0p333_0"],"t":40,"s":[70,70,100],"e":[50,50,100]},{"t":133}],"ix":6}},"ao":0,"shapes":[{"ty":"gr","it":[{"ind":0,"ty":"sh","ix":1,"ks":{"a":0,"k":{"i":[[6.682,0],[0,0]],"o":[[-6.353,0],[0,0]],"v":[[228.425,-163.786],[228,-118.5]],"c":true},"ix":2},"nm":"路径 1","mn":"ADBE Vector Shape - Group","hd":false},{"ty":"fl","c":{"a":0,"k":[0.945098039216,0.458823529412,0.254901960784,1],"ix":4},"o":{"a":0,"k":100,"ix":5},"r":1,"nm":"填充 1","mn":"ADBE Vector Graphic - Fill","hd":false},{"ty":"tr","p":{"a":0,"k":[0,0],"ix":2},"a":{"a":0,"k":[0,0],"ix":1},"s":{"a":0,"k":[100,100],"ix":3},"r":{"a":0,"k":0,"ix":6},"o":{"a":0,"k":100,"ix":7},"sk":{"a":0,"k":0,"ix":4},"sa":{"a":0,"k":0,"ix":5},"nm":"变换"}],"nm":"形状 1","np":2,"cix":2,"ix":1,"mn":"ADBE Vector Group","hd":false}],"ip":40,"op":600,"st":0,"bm":0},{"ddd":0,"ind":2,"ty":4,"nm":"形状图层 8","sr":1,"ks":{"o":{"a":1,"k":[{"i":{"x":[0.833],"y":[0.833]},"o":{"x":[0.167],"y":[0.167]},"n":["0p833_0p833_0p167_0p167"],"t":110,"s":[100],"e":[0]},{"t":133}],"ix":11},"r":{"a":0,"k":109,"ix":10},"p":{"a":1,"k":[{"i":{"x":0.122,"y":1},"o":{"x":0,"y":0},"n":"0p122_1_0_0","t":40,"s":[108.204,103.7,0],"e":[180.954,129.45,0],"to":[12.125,4.29166650772095,0],"ti":[-12.125,-4.29166650772095,0]},{"t":133}],"ix":2},"a":{"a":0,"k":[228.204,-118.5,0],"ix":1},"s":{"a":1,"k":[{"i":{"x":[0.667,0.667,0.667],"y":[1,1,1]},"o":{"x":[0.333,0.333,0.333],"y":[0,0,0]},"n":["0p667_1_0p333_0","0p667_1_0p333_0","0p667_1_0p333_0"],"t":40,"s":[70,70,100],"e":[50,50,100]},{"t":133}],"ix":6}},"ao":0,"shapes":[{"ty":"gr","it":[{"ind":0,"ty":"sh","ix":1,"ks":{"a":0,"k":{"i":[[6.682,0],[0,0]],"o":[[-6.353,0],[0,0]],"v":[[228.521,-166.161],[228,-118.5]],"c":true},"ix":2},"nm":"路径 1","mn":"ADBE Vector Shape - Group","hd":false},{"ty":"fl","c":{"a":0,"k":[0.945098039216,0.458823529412,0.254901960784,1],"ix":4},"o":{"a":0,"k":100,"ix":5},"r":1,"nm":"填充 1","mn":"ADBE Vector Graphic - Fill","hd":false},{"ty":"tr","p":{"a":0,"k":[0,0],"ix":2},"a":{"a":0,"k":[0,0],"ix":1},"s":{"a":0,"k":[100,100],"ix":3},"r":{"a":0,"k":0,"ix":6},"o":{"a":0,"k":100,"ix":7},"sk":{"a":0,"k":0,"ix":4},"sa":{"a":0,"k":0,"ix":5},"nm":"变换"}],"nm":"形状 1","np":2,"cix":2,"ix":1,"mn":"ADBE Vector Group","hd":false}],"ip":40,"op":600,"st":0,"bm":0},{"ddd":0,"ind":3,"ty":4,"nm":"形状图层 7","sr":1,"ks":{"o":{"a":1,"k":[{"i":{"x":[0.833],"y":[0.833]},"o":{"x":[0.167],"y":[0.167]},"n":["0p833_0p833_0p167_0p167"],"t":110,"s":[100],"e":[0]},{"t":133}],"ix":11},"r":{"a":0,"k":152,"ix":10},"p":{"a":1,"k":[{"i":{"x":0.122,"y":1},"o":{"x":0,"y":0},"n":"0p122_1_0_0","t":40,"s":[108.204,103.7,0],"e":[138.954,163.2,0],"to":[5.125,9.91666698455811,0],"ti":[-5.125,-9.91666698455811,0]},{"t":133}],"ix":2},"a":{"a":0,"k":[228.204,-118.5,0],"ix":1},"s":{"a":1,"k":[{"i":{"x":[0.667,0.667,0.667],"y":[1,1,1]},"o":{"x":[0.333,0.333,0.333],"y":[0,0,0]},"n":["0p667_1_0p333_0","0p667_1_0p333_0","0p667_1_0p333_0"],"t":40,"s":[70,70,100],"e":[50,50,100]},{"t":133}],"ix":6}},"ao":0,"shapes":[{"ty":"gr","it":[{"ind":0,"ty":"sh","ix":1,"ks":{"a":0,"k":{"i":[[6.682,0],[0,0]],"o":[[-6.353,0],[0,0]],"v":[[228.107,-171.886],[228.617,-120.801]],"c":true},"ix":2},"nm":"路径 1","mn":"ADBE Vector Shape - Group","hd":false},{"ty":"fl","c":{"a":0,"k":[0.945098039216,0.458823529412,0.254901960784,1],"ix":4},"o":{"a":0,"k":100,"ix":5},"r":1,"nm":"填充 1","mn":"ADBE Vector Graphic - Fill","hd":false},{"ty":"tr","p":{"a":0,"k":[0,0],"ix":2},"a":{"a":0,"k":[0,0],"ix":1},"s":{"a":0,"k":[100,100],"ix":3},"r":{"a":0,"k":0,"ix":6},"o":{"a":0,"k":100,"ix":7},"sk":{"a":0,"k":0,"ix":4},"sa":{"a":0,"k":0,"ix":5},"nm":"变换"}],"nm":"形状 1","np":2,"cix":2,"ix":1,"mn":"ADBE Vector Group","hd":false}],"ip":40,"op":600,"st":0,"bm":0},{"ddd":0,"ind":4,"ty":4,"nm":"形状图层 6","sr":1,"ks":{"o":{"a":1,"k":[{"i":{"x":[0.833],"y":[0.833]},"o":{"x":[0.167],"y":[0.167]},"n":["0p833_0p833_0p167_0p167"],"t":110,"s":[100],"e":[0]},{"t":133}],"ix":11},"r":{"a":0,"k":210,"ix":10},"p":{"a":1,"k":[{"i":{"x":0.122,"y":1},"o":{"x":0,"y":0},"n":"0p122_1_0_0","t":40,"s":[108.204,103.7,0],"e":[73.704,166.45,0],"to":[-5.75,10.4583330154419,0],"ti":[5.75,-10.4583330154419,0]},{"t":133}],"ix":2},"a":{"a":0,"k":[228.204,-118.5,0],"ix":1},"s":{"a":1,"k":[{"i":{"x":[0.667,0.667,0.667],"y":[1,1,1]},"o":{"x":[0.333,0.333,0.333],"y":[0,0,0]},"n":["0p667_1_0p333_0","0p667_1_0p333_0","0p667_1_0p333_0"],"t":40,"s":[70,70,100],"e":[50,50,100]},{"t":133}],"ix":6}},"ao":0,"shapes":[{"ty":"gr","it":[{"ind":0,"ty":"sh","ix":1,"ks":{"a":0,"k":{"i":[[6.682,0],[0,0]],"o":[[-6.353,0],[0,0]],"v":[[228.966,-165.188],[228.41,-121.005]],"c":true},"ix":2},"nm":"路径 1","mn":"ADBE Vector Shape - Group","hd":false},{"ty":"fl","c":{"a":0,"k":[0.945098039216,0.458823529412,0.254901960784,1],"ix":4},"o":{"a":0,"k":100,"ix":5},"r":1,"nm":"填充 1","mn":"ADBE Vector Graphic - Fill","hd":false},{"ty":"tr","p":{"a":0,"k":[0,0],"ix":2},"a":{"a":0,"k":[0,0],"ix":1},"s":{"a":0,"k":[100,100],"ix":3},"r":{"a":0,"k":0,"ix":6},"o":{"a":0,"k":100,"ix":7},"sk":{"a":0,"k":0,"ix":4},"sa":{"a":0,"k":0,"ix":5},"nm":"变换"}],"nm":"形状 1","np":2,"cix":2,"ix":1,"mn":"ADBE Vector Group","hd":false}],"ip":40,"op":600,"st":0,"bm":0},{"ddd":0,"ind":5,"ty":4,"nm":"形状图层 5","sr":1,"ks":{"o":{"a":1,"k":[{"i":{"x":[0.833],"y":[0.833]},"o":{"x":[0.167],"y":[0.167]},"n":["0p833_0p833_0p167_0p167"],"t":110,"s":[100],"e":[0]},{"t":133}],"ix":11},"r":{"a":0,"k":261,"ix":10},"p":{"a":1,"k":[{"i":{"x":0.122,"y":1},"o":{"x":0,"y":0},"n":"0p122_1_0_0","t":40,"s":[108.204,103.7,0],"e":[29.454,114.45,0],"to":[-13.125,1.79166662693024,0],"ti":[13.125,-1.79166662693024,0]},{"t":133}],"ix":2},"a":{"a":0,"k":[228.204,-118.5,0],"ix":1},"s":{"a":1,"k":[{"i":{"x":[0.667,0.667,0.667],"y":[1,1,1]},"o":{"x":[0.333,0.333,0.333],"y":[0,0,0]},"n":["0p667_1_0p333_0","0p667_1_0p333_0","0p667_1_0p333_0"],"t":40,"s":[70,70,100],"e":[50,50,100]},{"t":133}],"ix":6}},"ao":0,"shapes":[{"ty":"gr","it":[{"ind":0,"ty":"sh","ix":1,"ks":{"a":0,"k":{"i":[[6.682,0],[0,0]],"o":[[-6.353,0],[0,0]],"v":[[229.559,-163.818],[228.243,-121.174]],"c":true},"ix":2},"nm":"路径 1","mn":"ADBE Vector Shape - Group","hd":false},{"ty":"fl","c":{"a":0,"k":[0.945098039216,0.458823529412,0.254901960784,1],"ix":4},"o":{"a":0,"k":100,"ix":5},"r":1,"nm":"填充 1","mn":"ADBE Vector Graphic - Fill","hd":false},{"ty":"tr","p":{"a":0,"k":[0,0],"ix":2},"a":{"a":0,"k":[0,0],"ix":1},"s":{"a":0,"k":[100,100],"ix":3},"r":{"a":0,"k":0,"ix":6},"o":{"a":0,"k":100,"ix":7},"sk":{"a":0,"k":0,"ix":4},"sa":{"a":0,"k":0,"ix":5},"nm":"变换"}],"nm":"形状 1","np":2,"cix":2,"ix":1,"mn":"ADBE Vector Group","hd":false}],"ip":40,"op":600,"st":0,"bm":0},{"ddd":0,"ind":6,"ty":4,"nm":"形状图层 4","sr":1,"ks":{"o":{"a":1,"k":[{"i":{"x":[0.833],"y":[0.833]},"o":{"x":[0.167],"y":[0.167]},"n":["0p833_0p833_0p167_0p167"],"t":110,"s":[100],"e":[0]},{"t":133}],"ix":11},"r":{"a":0,"k":315,"ix":10},"p":{"a":1,"k":[{"i":{"x":0.122,"y":1},"o":{"x":0,"y":0},"n":"0p122_1_0_0","t":40,"s":[108.204,103.7,0],"e":[51.204,45.7,0],"to":[-9.5,-9.66666698455811,0],"ti":[9.5,9.66666698455811,0]},{"t":133}],"ix":2},"a":{"a":0,"k":[228.204,-118.5,0],"ix":1},"s":{"a":1,"k":[{"i":{"x":[0.667,0.667,0.667],"y":[1,1,1]},"o":{"x":[0.333,0.333,0.333],"y":[0,0,0]},"n":["0p667_1_0p333_0","0p667_1_0p333_0","0p667_1_0p333_0"],"t":40,"s":[70,70,100],"e":[50,50,100]},{"t":133}],"ix":6}},"ao":0,"shapes":[{"ty":"gr","it":[{"ind":0,"ty":"sh","ix":1,"ks":{"a":0,"k":{"i":[[6.682,0],[0,0]],"o":[[-6.353,0],[0,0]],"v":[[228.855,-167.522],[228,-118.5]],"c":true},"ix":2},"nm":"路径 1","mn":"ADBE Vector Shape - Group","hd":false},{"ty":"fl","c":{"a":0,"k":[0.945098039216,0.458823529412,0.254901960784,1],"ix":4},"o":{"a":0,"k":100,"ix":5},"r":1,"nm":"填充 1","mn":"ADBE Vector Graphic - Fill","hd":false},{"ty":"tr","p":{"a":0,"k":[0,0],"ix":2},"a":{"a":0,"k":[0,0],"ix":1},"s":{"a":0,"k":[100,100],"ix":3},"r":{"a":0,"k":0,"ix":6},"o":{"a":0,"k":100,"ix":7},"sk":{"a":0,"k":0,"ix":4},"sa":{"a":0,"k":0,"ix":5},"nm":"变换"}],"nm":"形状 1","np":2,"cix":2,"ix":1,"mn":"ADBE Vector Group","hd":false}],"ip":40,"op":600,"st":0,"bm":0},{"ddd":0,"ind":7,"ty":4,"nm":"形状图层 3","sr":1,"ks":{"o":{"a":1,"k":[{"i":{"x":[0.833],"y":[0.833]},"o":{"x":[0.167],"y":[0.167]},"n":["0p833_0p833_0p167_0p167"],"t":110,"s":[100],"e":[0]},{"t":133}],"ix":11},"r":{"a":0,"k":1,"ix":10},"p":{"a":1,"k":[{"i":{"x":0.122,"y":1},"o":{"x":0,"y":0},"n":"0p122_1_0_0","t":40,"s":[108.204,103.7,0],"e":[110.704,28.2,0],"to":[0.41666665673256,-12.5833330154419,0],"ti":[-0.41666665673256,12.5833330154419,0]},{"t":133}],"ix":2},"a":{"a":0,"k":[228.204,-118.5,0],"ix":1},"s":{"a":1,"k":[{"i":{"x":[0.667,0.667,0.667],"y":[1,1,1]},"o":{"x":[0.333,0.333,0.333],"y":[0,0,0]},"n":["0p667_1_0p333_0","0p667_1_0p333_0","0p667_1_0p333_0"],"t":40,"s":[70,70,100],"e":[50,50,100]},{"t":133}],"ix":6}},"ao":0,"shapes":[{"ty":"gr","it":[{"ind":0,"ty":"sh","ix":1,"ks":{"a":0,"k":{"i":[[6.682,0],[0,0]],"o":[[-6.353,0],[0,0]],"v":[[227.621,-168.52],[228,-118.5]],"c":true},"ix":2},"nm":"路径 1","mn":"ADBE Vector Shape - Group","hd":false},{"ty":"fl","c":{"a":0,"k":[0.945098039216,0.458823529412,0.254901960784,1],"ix":4},"o":{"a":0,"k":100,"ix":5},"r":1,"nm":"填充 1","mn":"ADBE Vector Graphic - Fill","hd":false},{"ty":"tr","p":{"a":0,"k":[0,0],"ix":2},"a":{"a":0,"k":[0,0],"ix":1},"s":{"a":0,"k":[100,100],"ix":3},"r":{"a":0,"k":0,"ix":6},"o":{"a":0,"k":100,"ix":7},"sk":{"a":0,"k":0,"ix":4},"sa":{"a":0,"k":0,"ix":5},"nm":"变换"}],"nm":"形状 1","np":2,"cix":2,"ix":1,"mn":"ADBE Vector Group","hd":false}],"ip":40,"op":600,"st":0,"bm":0},{"ddd":0,"ind":8,"ty":4,"nm":"形状图层 14","sr":1,"ks":{"o":{"a":0,"k":100,"ix":11},"r":{"a":0,"k":109,"ix":10},"p":{"a":1,"k":[{"i":{"x":0.206,"y":1},"o":{"x":0,"y":0},"n":"0p206_1_0_0","t":42,"s":[108.495,103.578,0],"e":[164.396,125.587,0],"to":[9.31675052642822,3.66812062263489,0],"ti":[-9.31675052642822,-3.66812062263489,0]},{"t":135}],"ix":2},"a":{"a":0,"k":[228.204,-118.5,0],"ix":1},"s":{"a":1,"k":[{"i":{"x":[0.667,0.667,0.667],"y":[1,1,1]},"o":{"x":[0.333,0.333,0.333],"y":[0,0,0]},"n":["0p667_1_0p333_0","0p667_1_0p333_0","0p667_1_0p333_0"],"t":42,"s":[70,70,100],"e":[0,0,100]},{"t":135}],"ix":6}},"ao":0,"shapes":[{"ty":"gr","it":[{"ind":0,"ty":"sh","ix":1,"ks":{"a":0,"k":{"i":[[12.876,0],[0,0]],"o":[[-13.625,0],[0,0]],"v":[[228.5,-160.5],[228,-118.5]],"c":true},"ix":2},"nm":"路径 1","mn":"ADBE Vector Shape - Group","hd":false},{"ty":"fl","c":{"a":0,"k":[0.894117647059,0.341176470588,0.294117647059,1],"ix":4},"o":{"a":0,"k":100,"ix":5},"r":1,"nm":"填充 1","mn":"ADBE Vector Graphic - Fill","hd":false},{"ty":"tr","p":{"a":0,"k":[0,0],"ix":2},"a":{"a":0,"k":[0,0],"ix":1},"s":{"a":0,"k":[100,100],"ix":3},"r":{"a":0,"k":0,"ix":6},"o":{"a":0,"k":100,"ix":7},"sk":{"a":0,"k":0,"ix":4},"sa":{"a":0,"k":0,"ix":5},"nm":"变换"}],"nm":"形状 1","np":2,"cix":2,"ix":1,"mn":"ADBE Vector Group","hd":false}],"ip":42,"op":602,"st":2,"bm":0},{"ddd":0,"ind":9,"ty":4,"nm":"形状图层 13","sr":1,"ks":{"o":{"a":0,"k":100,"ix":11},"r":{"a":0,"k":172,"ix":10},"p":{"a":1,"k":[{"i":{"x":0.206,"y":1},"o":{"x":0,"y":0},"n":"0p206_1_0_0","t":42,"s":[108.495,103.578,0],"e":[119.027,159.972,0],"to":[1.75529086589813,9.39888763427734,0],"ti":[-1.75529086589813,-9.39888763427734,0]},{"t":135}],"ix":2},"a":{"a":0,"k":[228.204,-118.5,0],"ix":1},"s":{"a":1,"k":[{"i":{"x":[0.667,0.667,0.667],"y":[1,1,1]},"o":{"x":[0.333,0.333,0.333],"y":[0,0,0]},"n":["0p667_1_0p333_0","0p667_1_0p333_0","0p667_1_0p333_0"],"t":42,"s":[70,70,100],"e":[0,0,100]},{"t":135}],"ix":6}},"ao":0,"shapes":[{"ty":"gr","it":[{"ind":0,"ty":"sh","ix":1,"ks":{"a":0,"k":{"i":[[12.876,0],[0,0]],"o":[[-13.625,0],[0,0]],"v":[[228.5,-160.5],[228,-118.5]],"c":true},"ix":2},"nm":"路径 1","mn":"ADBE Vector Shape - Group","hd":false},{"ty":"fl","c":{"a":0,"k":[0.894117647059,0.341176470588,0.294117647059,1],"ix":4},"o":{"a":0,"k":100,"ix":5},"r":1,"nm":"填充 1","mn":"ADBE Vector Graphic - Fill","hd":false},{"ty":"tr","p":{"a":0,"k":[0,0],"ix":2},"a":{"a":0,"k":[0,0],"ix":1},"s":{"a":0,"k":[100,100],"ix":3},"r":{"a":0,"k":0,"ix":6},"o":{"a":0,"k":100,"ix":7},"sk":{"a":0,"k":0,"ix":4},"sa":{"a":0,"k":0,"ix":5},"nm":"变换"}],"nm":"形状 1","np":2,"cix":2,"ix":1,"mn":"ADBE Vector Group","hd":false}],"ip":42,"op":602,"st":2,"bm":0},{"ddd":0,"ind":10,"ty":4,"nm":"形状图层 12","sr":1,"ks":{"o":{"a":0,"k":100,"ix":11},"r":{"a":0,"k":281,"ix":10},"p":{"a":1,"k":[{"i":{"x":0.206,"y":1},"o":{"x":0,"y":0},"n":"0p206_1_0_0","t":42,"s":[108.495,103.578,0],"e":[54.932,93.905,0],"to":[-8.92725658416748,-1.61221039295197,0],"ti":[8.92725658416748,1.61221039295197,0]},{"t":135}],"ix":2},"a":{"a":0,"k":[228.204,-118.5,0],"ix":1},"s":{"a":1,"k":[{"i":{"x":[0.667,0.667,0.667],"y":[1,1,1]},"o":{"x":[0.333,0.333,0.333],"y":[0,0,0]},"n":["0p667_1_0p333_0","0p667_1_0p333_0","0p667_1_0p333_0"],"t":42,"s":[70,70,100],"e":[0,0,100]},{"t":135}],"ix":6}},"ao":0,"shapes":[{"ty":"gr","it":[{"ind":0,"ty":"sh","ix":1,"ks":{"a":0,"k":{"i":[[12.876,0],[0,0]],"o":[[-13.625,0],[0,0]],"v":[[228.5,-160.5],[228,-118.5]],"c":true},"ix":2},"nm":"路径 1","mn":"ADBE Vector Shape - Group","hd":false},{"ty":"fl","c":{"a":0,"k":[0.894117647059,0.341176470588,0.294117647059,1],"ix":4},"o":{"a":0,"k":100,"ix":5},"r":1,"nm":"填充 1","mn":"ADBE Vector Graphic - Fill","hd":false},{"ty":"tr","p":{"a":0,"k":[0,0],"ix":2},"a":{"a":0,"k":[0,0],"ix":1},"s":{"a":0,"k":[100,100],"ix":3},"r":{"a":0,"k":0,"ix":6},"o":{"a":0,"k":100,"ix":7},"sk":{"a":0,"k":0,"ix":4},"sa":{"a":0,"k":0,"ix":5},"nm":"变换"}],"nm":"形状 1","np":2,"cix":2,"ix":1,"mn":"ADBE Vector Group","hd":false}],"ip":42,"op":602,"st":2,"bm":0},{"ddd":0,"ind":11,"ty":4,"nm":"形状图层 11","sr":1,"ks":{"o":{"a":0,"k":100,"ix":11},"r":{"a":0,"k":340,"ix":10},"p":{"a":1,"k":[{"i":{"x":0.206,"y":1},"o":{"x":0,"y":0},"n":"0p206_1_0_0","t":42,"s":[108.495,103.578,0],"e":[90.552,48.022,0],"to":[-2.99048233032227,-9.25945854187012,0],"ti":[2.99048233032227,9.25945854187012,0]},{"t":135}],"ix":2},"a":{"a":0,"k":[228.204,-118.5,0],"ix":1},"s":{"a":1,"k":[{"i":{"x":[0.667,0.667,0.667],"y":[1,1,1]},"o":{"x":[0.333,0.333,0.333],"y":[0,0,0]},"n":["0p667_1_0p333_0","0p667_1_0p333_0","0p667_1_0p333_0"],"t":42,"s":[70,70,100],"e":[0,0,100]},{"t":135}],"ix":6}},"ao":0,"shapes":[{"ty":"gr","it":[{"ind":0,"ty":"sh","ix":1,"ks":{"a":0,"k":{"i":[[12.876,0],[0,0]],"o":[[-13.625,0],[0,0]],"v":[[228.437,-154.112],[228,-118.5]],"c":true},"ix":2},"nm":"路径 1","mn":"ADBE Vector Shape - Group","hd":false},{"ty":"fl","c":{"a":0,"k":[0.894117647059,0.341176470588,0.294117647059,1],"ix":4},"o":{"a":0,"k":100,"ix":5},"r":1,"nm":"填充 1","mn":"ADBE Vector Graphic - Fill","hd":false},{"ty":"tr","p":{"a":0,"k":[0,0],"ix":2},"a":{"a":0,"k":[0,0],"ix":1},"s":{"a":0,"k":[100,100],"ix":3},"r":{"a":0,"k":0,"ix":6},"o":{"a":0,"k":100,"ix":7},"sk":{"a":0,"k":0,"ix":4},"sa":{"a":0,"k":0,"ix":5},"nm":"变换"}],"nm":"形状 1","np":2,"cix":2,"ix":1,"mn":"ADBE Vector Group","hd":false}],"ip":42,"op":602,"st":2,"bm":0},{"ddd":0,"ind":12,"ty":4,"nm":"形状图层 10","sr":1,"ks":{"o":{"a":0,"k":100,"ix":11},"r":{"a":0,"k":223,"ix":10},"p":{"a":1,"k":[{"i":{"x":0.206,"y":1},"o":{"x":0,"y":0},"n":"0p206_1_0_0","t":42,"s":[108.495,103.578,0],"e":[69.247,144.221,0],"to":[-6.54136610031128,6.7737832069397,0],"ti":[6.54136610031128,-6.7737832069397,0]},{"t":135}],"ix":2},"a":{"a":0,"k":[228.204,-118.5,0],"ix":1},"s":{"a":1,"k":[{"i":{"x":[0.667,0.667,0.667],"y":[1,1,1]},"o":{"x":[0.333,0.333,0.333],"y":[0,0,0]},"n":["0p667_1_0p333_0","0p667_1_0p333_0","0p667_1_0p333_0"],"t":42,"s":[70,70,100],"e":[0,0,100]},{"t":135}],"ix":6}},"ao":0,"shapes":[{"ty":"gr","it":[{"ind":0,"ty":"sh","ix":1,"ks":{"a":0,"k":{"i":[[12.876,0],[0,0]],"o":[[-13.625,0],[0,0]],"v":[[228.225,-154.968],[228,-118.5]],"c":true},"ix":2},"nm":"路径 1","mn":"ADBE Vector Shape - Group","hd":false},{"ty":"fl","c":{"a":0,"k":[0.894117647059,0.341176470588,0.294117647059,1],"ix":4},"o":{"a":0,"k":100,"ix":5},"r":1,"nm":"填充 1","mn":"ADBE Vector Graphic - Fill","hd":false},{"ty":"tr","p":{"a":0,"k":[0,0],"ix":2},"a":{"a":0,"k":[0,0],"ix":1},"s":{"a":0,"k":[100,100],"ix":3},"r":{"a":0,"k":0,"ix":6},"o":{"a":0,"k":100,"ix":7},"sk":{"a":0,"k":0,"ix":4},"sa":{"a":0,"k":0,"ix":5},"nm":"变换"}],"nm":"形状 1","np":2,"cix":2,"ix":1,"mn":"ADBE Vector Group","hd":false}],"ip":42,"op":602,"st":2,"bm":0},{"ddd":0,"ind":13,"ty":4,"nm":"形状图层 2","sr":1,"ks":{"o":{"a":0,"k":100,"ix":11},"r":{"a":0,"k":44,"ix":10},"p":{"a":1,"k":[{"i":{"x":0.206,"y":1},"o":{"x":0,"y":0},"n":"0p206_1_0_0","t":42,"s":[108.495,103.578,0],"e":[140.946,68.535,0],"to":[5.40843296051025,-5.84052228927612,0],"ti":[-5.40843296051025,5.84052228927612,0]},{"t":135}],"ix":2},"a":{"a":0,"k":[228.204,-118.5,0],"ix":1},"s":{"a":1,"k":[{"i":{"x":[0.667,0.667,0.667],"y":[1,1,1]},"o":{"x":[0.333,0.333,0.333],"y":[0,0,0]},"n":["0p667_1_0p333_0","0p667_1_0p333_0","0p667_1_0p333_0"],"t":42,"s":[70,70,100],"e":[0,0,100]},{"t":135}],"ix":6}},"ao":0,"shapes":[{"ty":"gr","it":[{"ind":0,"ty":"sh","ix":1,"ks":{"a":0,"k":{"i":[[10.838,-0.278],[0,0]],"o":[[-11.123,0.286],[0,0]],"v":[[228.321,-159.071],[228,-118.5]],"c":true},"ix":2},"nm":"路径 1","mn":"ADBE Vector Shape - Group","hd":false},{"ty":"fl","c":{"a":0,"k":[0.894117647059,0.341176470588,0.294117647059,1],"ix":4},"o":{"a":0,"k":100,"ix":5},"r":1,"nm":"填充 1","mn":"ADBE Vector Graphic - Fill","hd":false},{"ty":"tr","p":{"a":0,"k":[0,0],"ix":2},"a":{"a":0,"k":[0,0],"ix":1},"s":{"a":0,"k":[100,100],"ix":3},"r":{"a":0,"k":0,"ix":6},"o":{"a":0,"k":100,"ix":7},"sk":{"a":0,"k":0,"ix":4},"sa":{"a":0,"k":0,"ix":5},"nm":"变换"}],"nm":"形状 1","np":2,"cix":2,"ix":1,"mn":"ADBE Vector Group","hd":false}],"ip":42,"op":602,"st":2,"bm":0},{"ddd":0,"ind":14,"ty":4,"nm":"形状图层 1","sr":1,"ks":{"o":{"a":0,"k":100,"ix":11},"r":{"a":0,"k":0,"ix":10},"p":{"a":1,"k":[{"i":{"x":0.169,"y":0.66},"o":{"x":0,"y":0},"n":"0p169_0p66_0_0","t":0,"s":[108.204,278.5,0],"e":[108.204,108.5,0],"to":[0,-28.3333339691162,0],"ti":[0,28.3333339691162,0]},{"t":40}],"ix":2},"a":{"a":0,"k":[228.204,-139.5,0],"ix":1},"s":{"a":0,"k":[70,70,100],"ix":6}},"ao":0,"shapes":[{"ty":"gr","it":[{"ind":0,"ty":"sh","ix":1,"ks":{"a":0,"k":{"i":[[12.876,0],[0,0]],"o":[[-13.625,0],[0,0]],"v":[[228.5,-160.5],[228,-118.5]],"c":true},"ix":2},"nm":"路径 1","mn":"ADBE Vector Shape - Group","hd":false},{"ty":"fl","c":{"a":0,"k":[0.894117647059,0.341176470588,0.294117647059,1],"ix":4},"o":{"a":0,"k":100,"ix":5},"r":1,"nm":"填充 1","mn":"ADBE Vector Graphic - Fill","hd":false},{"ty":"tr","p":{"a":0,"k":[0,0],"ix":2},"a":{"a":0,"k":[0,0],"ix":1},"s":{"a":0,"k":[100,100],"ix":3},"r":{"a":0,"k":0,"ix":6},"o":{"a":0,"k":100,"ix":7},"sk":{"a":0,"k":0,"ix":4},"sa":{"a":0,"k":0,"ix":5},"nm":"变换"}],"nm":"形状 1","np":2,"cix":2,"ix":1,"mn":"ADBE Vector Group","hd":false}],"ip":0,"op":40,"st":0,"bm":0}]},{"id":"comp_197","layers":[{"ddd":0,"ind":1,"ty":4,"nm":"形状图层 9","sr":1,"ks":{"o":{"a":0,"k":100,"ix":11},"r":{"a":0,"k":53,"ix":10},"p":{"a":1,"k":[{"i":{"x":0.122,"y":1},"o":{"x":0,"y":0},"n":"0p122_1_0_0","t":40,"s":[108.204,103.7,0],"e":[174.454,51.7,0],"to":[11.0416669845581,-8.66666698455811,0],"ti":[-11.0416669845581,8.66666698455811,0]},{"t":133}],"ix":2},"a":{"a":0,"k":[228.204,-118.5,0],"ix":1},"s":{"a":1,"k":[{"i":{"x":[0.667,0.667,0.667],"y":[1,1,1]},"o":{"x":[0.333,0.333,0.333],"y":[0,0,0]},"n":["0p667_1_0p333_0","0p667_1_0p333_0","0p667_1_0p333_0"],"t":40,"s":[70,70,100],"e":[0,0,100]},{"t":133}],"ix":6}},"ao":0,"shapes":[{"ty":"gr","it":[{"ind":0,"ty":"sh","ix":1,"ks":{"a":0,"k":{"i":[[6.682,0],[0,0]],"o":[[-6.353,0],[0,0]],"v":[[228.425,-163.786],[228,-118.5]],"c":true},"ix":2},"nm":"路径 1","mn":"ADBE Vector Shape - Group","hd":false},{"ty":"fl","c":{"a":0,"k":[0.943520220588,0.457285563151,0.254149193857,1],"ix":4},"o":{"a":0,"k":100,"ix":5},"r":1,"nm":"填充 1","mn":"ADBE Vector Graphic - Fill","hd":false},{"ty":"tr","p":{"a":0,"k":[0,0],"ix":2},"a":{"a":0,"k":[0,0],"ix":1},"s":{"a":0,"k":[100,100],"ix":3},"r":{"a":0,"k":0,"ix":6},"o":{"a":0,"k":100,"ix":7},"sk":{"a":0,"k":0,"ix":4},"sa":{"a":0,"k":0,"ix":5},"nm":"变换"}],"nm":"形状 1","np":2,"cix":2,"ix":1,"mn":"ADBE Vector Group","hd":false}],"ip":40,"op":600,"st":0,"bm":0},{"ddd":0,"ind":2,"ty":4,"nm":"形状图层 8","sr":1,"ks":{"o":{"a":0,"k":100,"ix":11},"r":{"a":0,"k":109,"ix":10},"p":{"a":1,"k":[{"i":{"x":0.122,"y":1},"o":{"x":0,"y":0},"n":"0p122_1_0_0","t":40,"s":[108.204,103.7,0],"e":[180.954,129.45,0],"to":[12.125,4.29166650772095,0],"ti":[-12.125,-4.29166650772095,0]},{"t":133}],"ix":2},"a":{"a":0,"k":[228.204,-118.5,0],"ix":1},"s":{"a":1,"k":[{"i":{"x":[0.667,0.667,0.667],"y":[1,1,1]},"o":{"x":[0.333,0.333,0.333],"y":[0,0,0]},"n":["0p667_1_0p333_0","0p667_1_0p333_0","0p667_1_0p333_0"],"t":40,"s":[70,70,100],"e":[0,0,100]},{"t":133}],"ix":6}},"ao":0,"shapes":[{"ty":"gr","it":[{"ind":0,"ty":"sh","ix":1,"ks":{"a":0,"k":{"i":[[6.682,0],[0,0]],"o":[[-6.353,0],[0,0]],"v":[[228.521,-166.161],[228,-118.5]],"c":true},"ix":2},"nm":"路径 1","mn":"ADBE Vector Shape - Group","hd":false},{"ty":"fl","c":{"a":0,"k":[0.943520220588,0.457285563151,0.254149193857,1],"ix":4},"o":{"a":0,"k":100,"ix":5},"r":1,"nm":"填充 1","mn":"ADBE Vector Graphic - Fill","hd":false},{"ty":"tr","p":{"a":0,"k":[0,0],"ix":2},"a":{"a":0,"k":[0,0],"ix":1},"s":{"a":0,"k":[100,100],"ix":3},"r":{"a":0,"k":0,"ix":6},"o":{"a":0,"k":100,"ix":7},"sk":{"a":0,"k":0,"ix":4},"sa":{"a":0,"k":0,"ix":5},"nm":"变换"}],"nm":"形状 1","np":2,"cix":2,"ix":1,"mn":"ADBE Vector Group","hd":false}],"ip":40,"op":600,"st":0,"bm":0},{"ddd":0,"ind":3,"ty":4,"nm":"形状图层 7","sr":1,"ks":{"o":{"a":0,"k":100,"ix":11},"r":{"a":0,"k":152,"ix":10},"p":{"a":1,"k":[{"i":{"x":0.122,"y":1},"o":{"x":0,"y":0},"n":"0p122_1_0_0","t":40,"s":[108.204,103.7,0],"e":[138.954,163.2,0],"to":[5.125,9.91666698455811,0],"ti":[-5.125,-9.91666698455811,0]},{"t":133}],"ix":2},"a":{"a":0,"k":[228.204,-118.5,0],"ix":1},"s":{"a":1,"k":[{"i":{"x":[0.667,0.667,0.667],"y":[1,1,1]},"o":{"x":[0.333,0.333,0.333],"y":[0,0,0]},"n":["0p667_1_0p333_0","0p667_1_0p333_0","0p667_1_0p333_0"],"t":40,"s":[70,70,100],"e":[0,0,100]},{"t":133}],"ix":6}},"ao":0,"shapes":[{"ty":"gr","it":[{"ind":0,"ty":"sh","ix":1,"ks":{"a":0,"k":{"i":[[6.682,0],[0,0]],"o":[[-6.353,0],[0,0]],"v":[[228.107,-171.886],[228.617,-120.801]],"c":true},"ix":2},"nm":"路径 1","mn":"ADBE Vector Shape - Group","hd":false},{"ty":"fl","c":{"a":0,"k":[0.943520220588,0.457285563151,0.254149193857,1],"ix":4},"o":{"a":0,"k":100,"ix":5},"r":1,"nm":"填充 1","mn":"ADBE Vector Graphic - Fill","hd":false},{"ty":"tr","p":{"a":0,"k":[0,0],"ix":2},"a":{"a":0,"k":[0,0],"ix":1},"s":{"a":0,"k":[100,100],"ix":3},"r":{"a":0,"k":0,"ix":6},"o":{"a":0,"k":100,"ix":7},"sk":{"a":0,"k":0,"ix":4},"sa":{"a":0,"k":0,"ix":5},"nm":"变换"}],"nm":"形状 1","np":2,"cix":2,"ix":1,"mn":"ADBE Vector Group","hd":false}],"ip":40,"op":600,"st":0,"bm":0},{"ddd":0,"ind":4,"ty":4,"nm":"形状图层 6","sr":1,"ks":{"o":{"a":0,"k":100,"ix":11},"r":{"a":0,"k":210,"ix":10},"p":{"a":1,"k":[{"i":{"x":0.122,"y":1},"o":{"x":0,"y":0},"n":"0p122_1_0_0","t":40,"s":[108.204,103.7,0],"e":[73.704,166.45,0],"to":[-5.75,10.4583330154419,0],"ti":[5.75,-10.4583330154419,0]},{"t":133}],"ix":2},"a":{"a":0,"k":[228.204,-118.5,0],"ix":1},"s":{"a":1,"k":[{"i":{"x":[0.667,0.667,0.667],"y":[1,1,1]},"o":{"x":[0.333,0.333,0.333],"y":[0,0,0]},"n":["0p667_1_0p333_0","0p667_1_0p333_0","0p667_1_0p333_0"],"t":40,"s":[70,70,100],"e":[0,0,100]},{"t":133}],"ix":6}},"ao":0,"shapes":[{"ty":"gr","it":[{"ind":0,"ty":"sh","ix":1,"ks":{"a":0,"k":{"i":[[6.682,0],[0,0]],"o":[[-6.353,0],[0,0]],"v":[[228.966,-165.188],[228.41,-121.005]],"c":true},"ix":2},"nm":"路径 1","mn":"ADBE Vector Shape - Group","hd":false},{"ty":"fl","c":{"a":0,"k":[0.943520220588,0.457285563151,0.254149193857,1],"ix":4},"o":{"a":0,"k":100,"ix":5},"r":1,"nm":"填充 1","mn":"ADBE Vector Graphic - Fill","hd":false},{"ty":"tr","p":{"a":0,"k":[0,0],"ix":2},"a":{"a":0,"k":[0,0],"ix":1},"s":{"a":0,"k":[100,100],"ix":3},"r":{"a":0,"k":0,"ix":6},"o":{"a":0,"k":100,"ix":7},"sk":{"a":0,"k":0,"ix":4},"sa":{"a":0,"k":0,"ix":5},"nm":"变换"}],"nm":"形状 1","np":2,"cix":2,"ix":1,"mn":"ADBE Vector Group","hd":false}],"ip":40,"op":600,"st":0,"bm":0},{"ddd":0,"ind":5,"ty":4,"nm":"形状图层 5","sr":1,"ks":{"o":{"a":0,"k":100,"ix":11},"r":{"a":0,"k":261,"ix":10},"p":{"a":1,"k":[{"i":{"x":0.122,"y":1},"o":{"x":0,"y":0},"n":"0p122_1_0_0","t":40,"s":[108.204,103.7,0],"e":[29.454,114.45,0],"to":[-13.125,1.79166662693024,0],"ti":[13.125,-1.79166662693024,0]},{"t":133}],"ix":2},"a":{"a":0,"k":[228.204,-118.5,0],"ix":1},"s":{"a":1,"k":[{"i":{"x":[0.667,0.667,0.667],"y":[1,1,1]},"o":{"x":[0.333,0.333,0.333],"y":[0,0,0]},"n":["0p667_1_0p333_0","0p667_1_0p333_0","0p667_1_0p333_0"],"t":40,"s":[70,70,100],"e":[0,0,100]},{"t":133}],"ix":6}},"ao":0,"shapes":[{"ty":"gr","it":[{"ind":0,"ty":"sh","ix":1,"ks":{"a":0,"k":{"i":[[6.682,0],[0,0]],"o":[[-6.353,0],[0,0]],"v":[[229.559,-163.818],[228.243,-121.174]],"c":true},"ix":2},"nm":"路径 1","mn":"ADBE Vector Shape - Group","hd":false},{"ty":"fl","c":{"a":0,"k":[0.943520220588,0.457285563151,0.254149193857,1],"ix":4},"o":{"a":0,"k":100,"ix":5},"r":1,"nm":"填充 1","mn":"ADBE Vector Graphic - Fill","hd":false},{"ty":"tr","p":{"a":0,"k":[0,0],"ix":2},"a":{"a":0,"k":[0,0],"ix":1},"s":{"a":0,"k":[100,100],"ix":3},"r":{"a":0,"k":0,"ix":6},"o":{"a":0,"k":100,"ix":7},"sk":{"a":0,"k":0,"ix":4},"sa":{"a":0,"k":0,"ix":5},"nm":"变换"}],"nm":"形状 1","np":2,"cix":2,"ix":1,"mn":"ADBE Vector Group","hd":false}],"ip":40,"op":600,"st":0,"bm":0},{"ddd":0,"ind":6,"ty":4,"nm":"形状图层 4","sr":1,"ks":{"o":{"a":0,"k":100,"ix":11},"r":{"a":0,"k":315,"ix":10},"p":{"a":1,"k":[{"i":{"x":0.122,"y":1},"o":{"x":0,"y":0},"n":"0p122_1_0_0","t":40,"s":[108.204,103.7,0],"e":[51.204,45.7,0],"to":[-9.5,-9.66666698455811,0],"ti":[9.5,9.66666698455811,0]},{"t":133}],"ix":2},"a":{"a":0,"k":[228.204,-118.5,0],"ix":1},"s":{"a":1,"k":[{"i":{"x":[0.667,0.667,0.667],"y":[1,1,1]},"o":{"x":[0.333,0.333,0.333],"y":[0,0,0]},"n":["0p667_1_0p333_0","0p667_1_0p333_0","0p667_1_0p333_0"],"t":40,"s":[70,70,100],"e":[0,0,100]},{"t":133}],"ix":6}},"ao":0,"shapes":[{"ty":"gr","it":[{"ind":0,"ty":"sh","ix":1,"ks":{"a":0,"k":{"i":[[6.682,0],[0,0]],"o":[[-6.353,0],[0,0]],"v":[[228.855,-167.522],[228,-118.5]],"c":true},"ix":2},"nm":"路径 1","mn":"ADBE Vector Shape - Group","hd":false},{"ty":"fl","c":{"a":0,"k":[0.943520220588,0.457285563151,0.254149193857,1],"ix":4},"o":{"a":0,"k":100,"ix":5},"r":1,"nm":"填充 1","mn":"ADBE Vector Graphic - Fill","hd":false},{"ty":"tr","p":{"a":0,"k":[0,0],"ix":2},"a":{"a":0,"k":[0,0],"ix":1},"s":{"a":0,"k":[100,100],"ix":3},"r":{"a":0,"k":0,"ix":6},"o":{"a":0,"k":100,"ix":7},"sk":{"a":0,"k":0,"ix":4},"sa":{"a":0,"k":0,"ix":5},"nm":"变换"}],"nm":"形状 1","np":2,"cix":2,"ix":1,"mn":"ADBE Vector Group","hd":false}],"ip":40,"op":600,"st":0,"bm":0},{"ddd":0,"ind":7,"ty":4,"nm":"形状图层 3","sr":1,"ks":{"o":{"a":0,"k":100,"ix":11},"r":{"a":0,"k":1,"ix":10},"p":{"a":1,"k":[{"i":{"x":0.122,"y":1},"o":{"x":0,"y":0},"n":"0p122_1_0_0","t":40,"s":[108.204,103.7,0],"e":[110.704,28.2,0],"to":[0.41666665673256,-12.5833330154419,0],"ti":[-0.41666665673256,12.5833330154419,0]},{"t":133}],"ix":2},"a":{"a":0,"k":[228.204,-118.5,0],"ix":1},"s":{"a":1,"k":[{"i":{"x":[0.667,0.667,0.667],"y":[1,1,1]},"o":{"x":[0.333,0.333,0.333],"y":[0,0,0]},"n":["0p667_1_0p333_0","0p667_1_0p333_0","0p667_1_0p333_0"],"t":40,"s":[70,70,100],"e":[0,0,100]},{"t":133}],"ix":6}},"ao":0,"shapes":[{"ty":"gr","it":[{"ind":0,"ty":"sh","ix":1,"ks":{"a":0,"k":{"i":[[6.682,0],[0,0]],"o":[[-6.353,0],[0,0]],"v":[[227.621,-168.52],[228,-118.5]],"c":true},"ix":2},"nm":"路径 1","mn":"ADBE Vector Shape - Group","hd":false},{"ty":"fl","c":{"a":0,"k":[0.943520220588,0.457285563151,0.254149193857,1],"ix":4},"o":{"a":0,"k":100,"ix":5},"r":1,"nm":"填充 1","mn":"ADBE Vector Graphic - Fill","hd":false},{"ty":"tr","p":{"a":0,"k":[0,0],"ix":2},"a":{"a":0,"k":[0,0],"ix":1},"s":{"a":0,"k":[100,100],"ix":3},"r":{"a":0,"k":0,"ix":6},"o":{"a":0,"k":100,"ix":7},"sk":{"a":0,"k":0,"ix":4},"sa":{"a":0,"k":0,"ix":5},"nm":"变换"}],"nm":"形状 1","np":2,"cix":2,"ix":1,"mn":"ADBE Vector Group","hd":false}],"ip":40,"op":600,"st":0,"bm":0},{"ddd":0,"ind":8,"ty":4,"nm":"形状图层 14","sr":1,"ks":{"o":{"a":0,"k":100,"ix":11},"r":{"a":0,"k":109,"ix":10},"p":{"a":1,"k":[{"i":{"x":0.206,"y":1},"o":{"x":0,"y":0},"n":"0p206_1_0_0","t":42,"s":[108.495,103.578,0],"e":[164.396,125.587,0],"to":[9.31675052642822,3.66812062263489,0],"ti":[-9.31675052642822,-3.66812062263489,0]},{"t":135}],"ix":2},"a":{"a":0,"k":[228.204,-118.5,0],"ix":1},"s":{"a":1,"k":[{"i":{"x":[0.667,0.667,0.667],"y":[1,1,1]},"o":{"x":[0.333,0.333,0.333],"y":[0,0,0]},"n":["0p667_1_0p333_0","0p667_1_0p333_0","0p667_1_0p333_0"],"t":42,"s":[70,70,100],"e":[0,0,100]},{"t":135}],"ix":6}},"ao":0,"shapes":[{"ty":"gr","it":[{"ind":0,"ty":"sh","ix":1,"ks":{"a":0,"k":{"i":[[12.876,0],[0,0]],"o":[[-13.625,0],[0,0]],"v":[[228.5,-160.5],[228,-118.5]],"c":true},"ix":2},"nm":"路径 1","mn":"ADBE Vector Shape - Group","hd":false},{"ty":"fl","c":{"a":0,"k":[0.894117647059,0.341176470588,0.294117647059,1],"ix":4},"o":{"a":0,"k":100,"ix":5},"r":1,"nm":"填充 1","mn":"ADBE Vector Graphic - Fill","hd":false},{"ty":"tr","p":{"a":0,"k":[0,0],"ix":2},"a":{"a":0,"k":[0,0],"ix":1},"s":{"a":0,"k":[100,100],"ix":3},"r":{"a":0,"k":0,"ix":6},"o":{"a":0,"k":100,"ix":7},"sk":{"a":0,"k":0,"ix":4},"sa":{"a":0,"k":0,"ix":5},"nm":"变换"}],"nm":"形状 1","np":2,"cix":2,"ix":1,"mn":"ADBE Vector Group","hd":false}],"ip":42,"op":602,"st":2,"bm":0},{"ddd":0,"ind":9,"ty":4,"nm":"形状图层 13","sr":1,"ks":{"o":{"a":0,"k":100,"ix":11},"r":{"a":0,"k":172,"ix":10},"p":{"a":1,"k":[{"i":{"x":0.206,"y":1},"o":{"x":0,"y":0},"n":"0p206_1_0_0","t":42,"s":[108.495,103.578,0],"e":[119.027,159.972,0],"to":[1.75529086589813,9.39888763427734,0],"ti":[-1.75529086589813,-9.39888763427734,0]},{"t":135}],"ix":2},"a":{"a":0,"k":[228.204,-118.5,0],"ix":1},"s":{"a":1,"k":[{"i":{"x":[0.667,0.667,0.667],"y":[1,1,1]},"o":{"x":[0.333,0.333,0.333],"y":[0,0,0]},"n":["0p667_1_0p333_0","0p667_1_0p333_0","0p667_1_0p333_0"],"t":42,"s":[70,70,100],"e":[0,0,100]},{"t":135}],"ix":6}},"ao":0,"shapes":[{"ty":"gr","it":[{"ind":0,"ty":"sh","ix":1,"ks":{"a":0,"k":{"i":[[12.876,0],[0,0]],"o":[[-13.625,0],[0,0]],"v":[[228.5,-160.5],[228,-118.5]],"c":true},"ix":2},"nm":"路径 1","mn":"ADBE Vector Shape - Group","hd":false},{"ty":"fl","c":{"a":0,"k":[0.894117647059,0.341176470588,0.294117647059,1],"ix":4},"o":{"a":0,"k":100,"ix":5},"r":1,"nm":"填充 1","mn":"ADBE Vector Graphic - Fill","hd":false},{"ty":"tr","p":{"a":0,"k":[0,0],"ix":2},"a":{"a":0,"k":[0,0],"ix":1},"s":{"a":0,"k":[100,100],"ix":3},"r":{"a":0,"k":0,"ix":6},"o":{"a":0,"k":100,"ix":7},"sk":{"a":0,"k":0,"ix":4},"sa":{"a":0,"k":0,"ix":5},"nm":"变换"}],"nm":"形状 1","np":2,"cix":2,"ix":1,"mn":"ADBE Vector Group","hd":false}],"ip":42,"op":602,"st":2,"bm":0},{"ddd":0,"ind":10,"ty":4,"nm":"形状图层 12","sr":1,"ks":{"o":{"a":0,"k":100,"ix":11},"r":{"a":0,"k":281,"ix":10},"p":{"a":1,"k":[{"i":{"x":0.206,"y":1},"o":{"x":0,"y":0},"n":"0p206_1_0_0","t":42,"s":[108.495,103.578,0],"e":[54.932,93.905,0],"to":[-8.92725658416748,-1.61221039295197,0],"ti":[8.92725658416748,1.61221039295197,0]},{"t":135}],"ix":2},"a":{"a":0,"k":[228.204,-118.5,0],"ix":1},"s":{"a":1,"k":[{"i":{"x":[0.667,0.667,0.667],"y":[1,1,1]},"o":{"x":[0.333,0.333,0.333],"y":[0,0,0]},"n":["0p667_1_0p333_0","0p667_1_0p333_0","0p667_1_0p333_0"],"t":42,"s":[70,70,100],"e":[0,0,100]},{"t":135}],"ix":6}},"ao":0,"shapes":[{"ty":"gr","it":[{"ind":0,"ty":"sh","ix":1,"ks":{"a":0,"k":{"i":[[12.876,0],[0,0]],"o":[[-13.625,0],[0,0]],"v":[[228.5,-160.5],[228,-118.5]],"c":true},"ix":2},"nm":"路径 1","mn":"ADBE Vector Shape - Group","hd":false},{"ty":"fl","c":{"a":0,"k":[0.894117647059,0.341176470588,0.294117647059,1],"ix":4},"o":{"a":0,"k":100,"ix":5},"r":1,"nm":"填充 1","mn":"ADBE Vector Graphic - Fill","hd":false},{"ty":"tr","p":{"a":0,"k":[0,0],"ix":2},"a":{"a":0,"k":[0,0],"ix":1},"s":{"a":0,"k":[100,100],"ix":3},"r":{"a":0,"k":0,"ix":6},"o":{"a":0,"k":100,"ix":7},"sk":{"a":0,"k":0,"ix":4},"sa":{"a":0,"k":0,"ix":5},"nm":"变换"}],"nm":"形状 1","np":2,"cix":2,"ix":1,"mn":"ADBE Vector Group","hd":false}],"ip":42,"op":602,"st":2,"bm":0},{"ddd":0,"ind":11,"ty":4,"nm":"形状图层 11","sr":1,"ks":{"o":{"a":0,"k":100,"ix":11},"r":{"a":0,"k":340,"ix":10},"p":{"a":1,"k":[{"i":{"x":0.206,"y":1},"o":{"x":0,"y":0},"n":"0p206_1_0_0","t":42,"s":[108.495,103.578,0],"e":[90.552,48.022,0],"to":[-2.99048233032227,-9.25945854187012,0],"ti":[2.99048233032227,9.25945854187012,0]},{"t":135}],"ix":2},"a":{"a":0,"k":[228.204,-118.5,0],"ix":1},"s":{"a":1,"k":[{"i":{"x":[0.667,0.667,0.667],"y":[1,1,1]},"o":{"x":[0.333,0.333,0.333],"y":[0,0,0]},"n":["0p667_1_0p333_0","0p667_1_0p333_0","0p667_1_0p333_0"],"t":42,"s":[70,70,100],"e":[0,0,100]},{"t":135}],"ix":6}},"ao":0,"shapes":[{"ty":"gr","it":[{"ind":0,"ty":"sh","ix":1,"ks":{"a":0,"k":{"i":[[12.876,0],[0,0]],"o":[[-13.625,0],[0,0]],"v":[[228.437,-154.112],[228,-118.5]],"c":true},"ix":2},"nm":"路径 1","mn":"ADBE Vector Shape - Group","hd":false},{"ty":"fl","c":{"a":0,"k":[0.894117647059,0.341176470588,0.294117647059,1],"ix":4},"o":{"a":0,"k":100,"ix":5},"r":1,"nm":"填充 1","mn":"ADBE Vector Graphic - Fill","hd":false},{"ty":"tr","p":{"a":0,"k":[0,0],"ix":2},"a":{"a":0,"k":[0,0],"ix":1},"s":{"a":0,"k":[100,100],"ix":3},"r":{"a":0,"k":0,"ix":6},"o":{"a":0,"k":100,"ix":7},"sk":{"a":0,"k":0,"ix":4},"sa":{"a":0,"k":0,"ix":5},"nm":"变换"}],"nm":"形状 1","np":2,"cix":2,"ix":1,"mn":"ADBE Vector Group","hd":false}],"ip":42,"op":602,"st":2,"bm":0},{"ddd":0,"ind":12,"ty":4,"nm":"形状图层 10","sr":1,"ks":{"o":{"a":0,"k":100,"ix":11},"r":{"a":0,"k":223,"ix":10},"p":{"a":1,"k":[{"i":{"x":0.206,"y":1},"o":{"x":0,"y":0},"n":"0p206_1_0_0","t":42,"s":[108.495,103.578,0],"e":[69.247,144.221,0],"to":[-6.54136610031128,6.7737832069397,0],"ti":[6.54136610031128,-6.7737832069397,0]},{"t":135}],"ix":2},"a":{"a":0,"k":[228.204,-118.5,0],"ix":1},"s":{"a":1,"k":[{"i":{"x":[0.667,0.667,0.667],"y":[1,1,1]},"o":{"x":[0.333,0.333,0.333],"y":[0,0,0]},"n":["0p667_1_0p333_0","0p667_1_0p333_0","0p667_1_0p333_0"],"t":42,"s":[70,70,100],"e":[0,0,100]},{"t":135}],"ix":6}},"ao":0,"shapes":[{"ty":"gr","it":[{"ind":0,"ty":"sh","ix":1,"ks":{"a":0,"k":{"i":[[12.876,0],[0,0]],"o":[[-13.625,0],[0,0]],"v":[[228.225,-154.968],[228,-118.5]],"c":true},"ix":2},"nm":"路径 1","mn":"ADBE Vector Shape - Group","hd":false},{"ty":"fl","c":{"a":0,"k":[0.894117647059,0.341176470588,0.294117647059,1],"ix":4},"o":{"a":0,"k":100,"ix":5},"r":1,"nm":"填充 1","mn":"ADBE Vector Graphic - Fill","hd":false},{"ty":"tr","p":{"a":0,"k":[0,0],"ix":2},"a":{"a":0,"k":[0,0],"ix":1},"s":{"a":0,"k":[100,100],"ix":3},"r":{"a":0,"k":0,"ix":6},"o":{"a":0,"k":100,"ix":7},"sk":{"a":0,"k":0,"ix":4},"sa":{"a":0,"k":0,"ix":5},"nm":"变换"}],"nm":"形状 1","np":2,"cix":2,"ix":1,"mn":"ADBE Vector Group","hd":false}],"ip":42,"op":602,"st":2,"bm":0},{"ddd":0,"ind":13,"ty":4,"nm":"形状图层 2","sr":1,"ks":{"o":{"a":0,"k":100,"ix":11},"r":{"a":0,"k":44,"ix":10},"p":{"a":1,"k":[{"i":{"x":0.206,"y":1},"o":{"x":0,"y":0},"n":"0p206_1_0_0","t":42,"s":[108.495,103.578,0],"e":[140.946,68.535,0],"to":[5.40843296051025,-5.84052228927612,0],"ti":[-5.40843296051025,5.84052228927612,0]},{"t":135}],"ix":2},"a":{"a":0,"k":[228.204,-118.5,0],"ix":1},"s":{"a":1,"k":[{"i":{"x":[0.667,0.667,0.667],"y":[1,1,1]},"o":{"x":[0.333,0.333,0.333],"y":[0,0,0]},"n":["0p667_1_0p333_0","0p667_1_0p333_0","0p667_1_0p333_0"],"t":42,"s":[70,70,100],"e":[0,0,100]},{"t":135}],"ix":6}},"ao":0,"shapes":[{"ty":"gr","it":[{"ind":0,"ty":"sh","ix":1,"ks":{"a":0,"k":{"i":[[10.838,-0.278],[0,0]],"o":[[-11.123,0.286],[0,0]],"v":[[228.321,-159.071],[228,-118.5]],"c":true},"ix":2},"nm":"路径 1","mn":"ADBE Vector Shape - Group","hd":false},{"ty":"fl","c":{"a":0,"k":[0.894117647059,0.341176470588,0.294117647059,1],"ix":4},"o":{"a":0,"k":100,"ix":5},"r":1,"nm":"填充 1","mn":"ADBE Vector Graphic - Fill","hd":false},{"ty":"tr","p":{"a":0,"k":[0,0],"ix":2},"a":{"a":0,"k":[0,0],"ix":1},"s":{"a":0,"k":[100,100],"ix":3},"r":{"a":0,"k":0,"ix":6},"o":{"a":0,"k":100,"ix":7},"sk":{"a":0,"k":0,"ix":4},"sa":{"a":0,"k":0,"ix":5},"nm":"变换"}],"nm":"形状 1","np":2,"cix":2,"ix":1,"mn":"ADBE Vector Group","hd":false}],"ip":42,"op":602,"st":2,"bm":0},{"ddd":0,"ind":14,"ty":4,"nm":"形状图层 1","sr":1,"ks":{"o":{"a":0,"k":100,"ix":11},"r":{"a":0,"k":0,"ix":10},"p":{"a":1,"k":[{"i":{"x":0.169,"y":0.66},"o":{"x":0,"y":0},"n":"0p169_0p66_0_0","t":0,"s":[108.204,278.5,0],"e":[108.204,108.5,0],"to":[0,-28.3333339691162,0],"ti":[0,28.3333339691162,0]},{"t":40}],"ix":2},"a":{"a":0,"k":[228.204,-139.5,0],"ix":1},"s":{"a":0,"k":[70,70,100],"ix":6}},"ao":0,"shapes":[{"ty":"gr","it":[{"ind":0,"ty":"sh","ix":1,"ks":{"a":0,"k":{"i":[[12.876,0],[0,0]],"o":[[-13.625,0],[0,0]],"v":[[228.5,-160.5],[228,-118.5]],"c":true},"ix":2},"nm":"路径 1","mn":"ADBE Vector Shape - Group","hd":false},{"ty":"fl","c":{"a":0,"k":[0.894117647059,0.341176470588,0.294117647059,1],"ix":4},"o":{"a":0,"k":100,"ix":5},"r":1,"nm":"填充 1","mn":"ADBE Vector Graphic - Fill","hd":false},{"ty":"tr","p":{"a":0,"k":[0,0],"ix":2},"a":{"a":0,"k":[0,0],"ix":1},"s":{"a":0,"k":[100,100],"ix":3},"r":{"a":0,"k":0,"ix":6},"o":{"a":0,"k":100,"ix":7},"sk":{"a":0,"k":0,"ix":4},"sa":{"a":0,"k":0,"ix":5},"nm":"变换"}],"nm":"形状 1","np":2,"cix":2,"ix":1,"mn":"ADBE Vector Group","hd":false}],"ip":0,"op":40,"st":0,"bm":0}]}],"layers":[{"ddd":0,"ind":1,"ty":0,"nm":"homepage_banner_early 4","refId":"comp_180","sr":1,"ks":{"o":{"a":0,"k":100,"ix":11},"r":{"a":0,"k":0,"ix":10},"p":{"a":0,"k":[621,360,0],"ix":2},"a":{"a":0,"k":[621,360,0],"ix":1},"s":{"a":0,"k":[103,103,100],"ix":6}},"ao":0,"w":1242,"h":720,"ip":0,"op":2400,"st":0,"bm":0}],"markers":[]}